adm1_pcode,adm1_name,adm2_pcode,adm2_name,adm1_name_variants
BD10,Barishal,BD1004,Barguna,Barishal|Barisal
BD10,Barishal,BD1006,Barishal,Barishal|Barisal
BD10,Barishal,BD1009,Bhola,Barishal|Barisal
BD10,Barishal,BD1042,Jhalokati,Barishal|Barisal
BD10,Barishal,BD1078,Patuakhali,Barishal|Barisal
BD10,Barishal,BD1079,Pirojpur,Barishal|Barisal
BD20,Chattogram,BD2003,Bandarban,Chattogram|Chittagong
BD20,Chattogram,BD2012,Brahmanbaria,Chattogram|Chittagong
BD20,Chattogram,BD2013,Chandpur,Chattogram|Chittagong
BD20,Chattogram,BD2015,Chattogram,Chattogram|Chittagong
BD20,Chattogram,BD2019,Cumilla,Chattogram|Chittagong
BD20,Chattogram,BD2022,Cox's Bazar,Chattogram|Chittagong
BD20,Chattogram,BD2030,Feni,Chattogram|Chittagong
BD20,Chattogram,BD2046,Khagrachhari,Chattogram|Chittagong
BD20,Chattogram,BD2051,Lakshmipur,Chattogram|Chittagong
BD20,Chattogram,BD2075,Noakhali,Chattogram|Chittagong
BD20,Chattogram,BD2084,Rangamati,Chattogram|Chittagong
BD30,Dhaka,BD3026,Dhaka,Dhaka
BD30,Dhaka,BD3029,Faridpur,Dhaka
BD30,Dhaka,BD3033,Gazipur,Dhaka
BD30,Dhaka,BD3035,Gopalganj,Dhaka
BD30,Dhaka,BD3048,Kishoreganj,Dhaka
BD30,Dhaka,BD3054,Madaripur,Dhaka
BD30,Dhaka,BD3056,Manikganj,Dhaka
BD30,Dhaka,BD3059,Munshiganj,Dhaka
BD30,Dhaka,BD3067,Narayanganj,Dhaka
BD30,Dhaka,BD3068,Narsingdi,Dhaka
BD30,Dhaka,BD3082,Rajbari,Dhaka
BD30,Dhaka,BD3086,Shariatpur,Dhaka
BD30,Dhaka,BD3093,Tangail,Dhaka
BD40,Khulna,BD4001,Bagerhat,Khulna
BD40,Khulna,BD4018,Chuadanga,Khulna
BD40,Khulna,BD4041,Jashore,Khulna
BD40,Khulna,BD4044,Jhenaidah,Khulna
BD40,Khulna,BD4047,Khulna,Khulna
BD40,Khulna,BD4050,Kushtia,Khulna
BD40,Khulna,BD4055,Magura,Khulna
BD40,Khulna,BD4057,Meherpur,Khulna
BD40,Khulna,BD4065,Narail,Khulna
BD40,Khulna,BD4087,Satkhira,Khulna
BD45,Mymensingh,BD4539,Jamalpur,Mymensingh
BD45,Mymensingh,BD4561,Mymensingh,Mymensingh
BD45,Mymensingh,BD4572,Netrakona,Mymensingh
BD45,Mymensingh,BD4589,Sherpur,Mymensingh
BD50,Rajshahi,BD5010,Bogura,Rajshahi
BD50,Rajshahi,BD5038,Joypurhat,Rajshahi
BD50,Rajshahi,BD5064,Naogaon,Rajshahi
BD50,Rajshahi,BD5069,Natore,Rajshahi
BD50,Rajshahi,BD5070,Chapainababganj,Rajshahi
BD50,Rajshahi,BD5076,Pabna,Rajshahi
BD50,Rajshahi,BD5081,Rajshahi,Rajshahi
BD50,Rajshahi,BD5088,Sirajganj,Rajshahi
BD55,Rangpur,BD5527,Dinajpur,Rangpur
BD55,Rangpur,BD5532,Gaibandha,Rangpur
BD55,Rangpur,BD5549,Kurigram,Rangpur
BD55,Rangpur,BD5552,Lalmonirhat,Rangpur
BD55,Rangpur,BD5573,Nilphamari,Rangpur
BD55,Rangpur,BD5577,Panchagarh,Rangpur
BD55,Rangpur,BD5585,Rangpur,Rangpur
BD55,Rangpur,BD5594,Thakurgaon,Rangpur
BD60,Sylhet,BD6036,Habiganj,Sylhet
BD60,Sylhet,BD6058,Moulvibazar,Sylhet
BD60,Sylhet,BD6090,Sunamganj,Sylhet
BD60,Sylhet,BD6091,Sylhet,Sylhet
