year,location,population_type,accommodation_type,f_00_04,m_00_04,t_00_04,t_tl
2001,Dhaka,REF,U,0,0,0,45
2001,Dispersed in the country / territory,ASY,U,0,0,0,20
2001,Kutapalong,REF,U,782,793,1575,8524
2001,Nayapara,REF,U,1238,1259,2497,13537
2002,Dhaka,REF,U,0,0,0,65
2002,Dispersed in the country / territory,ASY,U,0,0,0,21
2002,Kutapalong/Nayapara (Cox Bazaar),REF,U,2215,2230,4445,21902
2003,Dhaka,ASY,U,0,0,0,8
2003,Dhaka,REF,U,5,0,5,96
2003,Kutapalong (Cox Bazaar),REF,U,821,824,1645,8041
2003,Nayapara (Cox Bazaar),REF,U,1147,1296,2443,11606
2004,Dhaka,ASY,U,0,0,0,9
2004,Dhaka,REF,U,5,0,5,111
2004,Kutapalong (Cox Bazaar),REF,U,777,806,1583,8265
2004,Nayapara (Cox Bazaar),REF,U,1131,1268,2399,12026
2005,Dhaka,ASY,U,6,0,6,52
2005,Dhaka,REF,U,5,0,5,114
2005,Kutapalong (Cox Bazaar),REF,U,771,781,1552,8467
2005,Nayapara (Cox Bazaar),REF,U,1224,1320,2544,12472
2006,Dhaka,ASY,U,0,0,0,67
2006,Dhaka,REF,U,5,0,5,114
2006,Kutapalong (Cox Bazaar),REF,U,868,862,1730,10144
2006,Nayapara (Cox Bazaar),REF,U,1416,1450,2866,16010
2007,Dhaka,ASY,U,0,0,0,30
2007,Dhaka,REF,U,5,5,10,157
2007,Kutapalong (Cox Bazaar),REF,U,961,983,1944,10708
2007,Nayapara (Cox Bazaar),REF,U,1405,1493,2898,16679
2008,Dhaka,REF,U,10,9,19,214
2008,Kutupalong,REF,U,1068,1090,2158,11047
2008,Nayapara,REF,U,1604,1602,3206,17076
2009,Dispersed in the country / territory,REF,U,8,12,20,215
2009,Dispersed in the country / territory,REF,U,0,0,0,200000
2009,Kutupalong,REF,U,1063,1101,2164,11251
2009,Nayapara,REF,U,1571,1551,3122,17091
2010,Dhaka : Point,REF,U,0,0,0,27
2010,Dispersed in the country / territory,REF,U,0,0,0,225500
2010,Kutupalong : Point,REF,U,130,134,264,1462
2010,Nayapara : Point,REF,U,184,187,371,2237
2011,Bandarban,REF,U,0,0,0,10
2011,Cox's Bazar,REF,U,0,0,0,10
2011,Cox's Bazar,REF,U,0,0,0,25819
2011,Dhaka : Point,REF,U,0,0,0,5
2011,Dispersed in the country / territory,REF,U,0,0,0,200000
2011,Kutupalong : Point,REF,U,119,123,242,1511
2011,Nayapara : Point,REF,U,162,158,320,2289
2012,Bandarban : Zila - District,REF,I,0,0,0,10
2012,Cox's Bazar : Zila - District,REF,I,0,0,0,10
2012,Dhaka : Zila - District,REF,I,0,0,0,5
2012,Dispersed in the country / territory,REF,U,0,0,0,226598
2012,Kutupalong : Point,REF,P,131,134,265,1649
2012,Nayapara : Point,REF,P,183,185,368,2402
2013,Bandarban : Zila - District,REF,I,0,0,0,11
2013,Cox's Bazar : Zila - District,ASY,I,0,0,0,8
2013,Cox's Bazar : Zila - District,REF,I,0,0,0,11
2013,Dhaka : Zila - District,REF,I,0,0,0,5
2013,Dispersed in the country / territory,REF,U,0,0,0,226935
2013,Kutupalong : Point,REF,P,123,134,257,1700
2013,Nayapara : Point,REF,P,175,180,355,2463
2014,Bandarban : Zila - District,REF,I,0,0,0,5
2014,Cox's Bazar : Zila - District,ASY,I,0,0,0,9
2014,Cox's Bazar : Zila - District,REF,I,0,0,0,7
2014,Dhaka : Zila - District,REF,I,0,0,0,5
2014,Dispersed in the country / territory,REF,U,0,0,0,227927
2014,Kutupalong : Point,REF,P,113,121,234,1840
2014,Nayapara : Point,REF,P,164,174,338,2678
2015,Cox's Bazar : Zila - District,REF,I,0,0,0,5
2015,Dispersed in the country / territory,REF,U,0,0,0,227552
2015,Kutupalong : Point,REF,P,109,124,233,1805
2015,Nayapara : Point,REF,P,163,174,337,2586
2016,Cox's Bazar : Zila - District,REF,I,0,0,0,5
2016,Dispersed in the country / territory,REF,U,0,0,0,272211
2016,Kutupalong : Point,REF,P,104,123,227,1661
2016,Nayapara : Point,REF,P,150,161,311,2321
2017,Balukhali MS,REF,P,1583,1599,3182,17288
2017,Bandarban,REF,I,0,0,0,18
2017,Chakmarkul,REF,P,1004,1043,2047,11049
2017,Cox's Bazar : Zila - District,REF,I,0,0,0,26
2017,Dhaka : Zila - District,REF,I,0,0,0,13
2017,Dispersed in the country / territory,REF,U,0,0,0,133054
2017,Hakimpara,REF,P,2546,2794,5340,28496
2017,Jamtoli,REF,P,4616,4703,9319,50712
2017,Kutupalong : Point,REF,P,798,972,1770,14065
2017,Kutupalong MS,REF,P,5539,5752,11291,58996
2017,Kutupalong RC,REF,P,961,980,1941,11064
2017,Leda MS,REF,P,1756,1786,3542,21147
2017,Leda MS Extension,REF,P,1839,1997,3836,21253
2017,Moynarghona,REF,P,1861,1880,3741,19861
2017,Nayapara : Point,REF,P,1150,1197,2347,19572
2017,Nayapara Extension,REF,P,3345,3417,6762,36922
2017,Nayapara RC,REF,P,1557,1561,3118,18117
2017,No Zone North,REF,P,1154,1150,2304,12375
2017,No Zone South,REF,P,174,163,337,1956
2017,North Eat No Zone,REF,P,0,0,0,7
2017,North No Zone,REF,P,8,0,8,67
2017,Rangamati : Zila - District,REF,I,0,0,0,6
2017,Shamlapur,REF,P,906,958,1864,10114
2017,South No Zone,REF,P,401,428,829,4325
2017,Thangkhali,REF,P,3520,3661,7181,38417
2017,Unchiprang,REF,P,1992,2153,4145,21991
2017,Zone AA,REF,P,526,590,1116,6076
2017,Zone BB,REF,P,2692,2660,5352,28698
2017,Zone CC,REF,P,2686,2943,5629,32019
2017,Zone DD,REF,P,2620,2770,5390,28128
2017,Zone EE,REF,P,2853,2851,5704,29212
2017,Zone FF,REF,P,2754,2824,5578,28003
2017,Zone GG,REF,P,1552,1478,3030,16423
2017,Zone HH,REF,P,1650,1660,3310,17646
2017,Zone II,REF,P,1453,1493,2946,16642
2017,Zone JJ,REF,P,2462,2332,4794,23908
2017,Zone KK,REF,P,1009,1034,2043,11334
2017,Zone LL,REF,P,560,601,1161,6904
2017,Zone MM,REF,P,1777,1938,3715,19328
2017,Zone NN,REF,P,2957,3030,5987,31842
2017,Zone OO,REF,P,926,943,1869,9418
2017,Zone PP,REF,P,709,773,1482,7622
2017,Zone QQ,REF,P,277,268,545,2720
2017,Zone RR,REF,P,58,69,127,623
2017,Zone SS,REF,P,1213,1324,2537,12780
2017,Zone TT,REF,P,1827,1889,3716,20020
2017,Zone UU,REF,P,97,111,208,1016
2017,Zone WW,REF,P,128,105,233,1064
2017,Zone XX,REF,P,1050,1032,2082,10505
2017,Zone YY,REF,P,1213,1281,2494,13412
2017,Zone ZA,REF,P,553,553,1106,5890
2017,Zone ZZ,REF,P,6,6,12,60
2018,Bandarban : Zila - District,REF,I,0,0,0,16
2018,Camp 10,REF,P,3224,3344,6568,32963
2018,Camp 11,REF,P,2909,2963,5872,31346
2018,Camp 12,REF,P,2148,2250,4398,23668
2018,Camp 13,REF,P,3819,3985,7804,41735
2018,Camp 14,REF,P,2877,3145,6022,31917
2018,Camp 15,REF,P,4496,4591,9087,49446
2018,Camp 16,REF,P,2040,2107,4147,21785
2018,Camp 17,REF,P,1700,1730,3430,16935
2018,Camp 18,REF,P,2648,2703,5351,26625
2018,Camp 19,REF,P,1926,1998,3924,20820
2018,Camp 1E,REF,P,3500,3755,7255,40436
2018,Camp 1W,REF,P,3722,3728,7450,40964
2018,Camp 20,REF,P,686,781,1467,7326
2018,Camp 20 Extension,REF,P,448,455,903,4379
2018,Camp 21,REF,P,1127,1172,2299,12259
2018,Camp 22,REF,P,2007,2180,4187,22206
2018,Camp 23,REF,P,989,1044,2033,10963
2018,Camp 24,REF,P,2784,3009,5793,33544
2018,Camp 25,REF,P,850,859,1709,9497
2018,Camp 26,REF,P,3826,3751,7577,41035
2018,Camp 27,REF,P,1331,1365,2696,14269
2018,Camp 2E,REF,P,2868,2870,5738,29918
2018,Camp 2W,REF,P,2340,2432,4772,25802
2018,Camp 3,REF,P,3731,3863,7594,39647
2018,Camp 4,REF,P,3022,3208,6230,32115
2018,Camp 4 Extension,REF,P,569,626,1195,5863
2018,Camp 5,REF,P,2395,2500,4895,25117
2018,Camp 6,REF,P,2532,2610,5142,24989
2018,Camp 7,REF,P,3732,3896,7628,39466
2018,Camp 8E,REF,P,2743,2824,5567,31216
2018,Camp 8W,REF,P,3164,3085,6249,32357
2018,Camp 9,REF,P,3425,3375,6800,36685
2018,Cox's Bazar : Zila - District,REF,I,0,0,0,25
2018,Dhaka : Zila - District,REF,I,0,0,0,13
2018,Kutupalong,REF,P,1096,1224,2320,17993
2018,Nayapara,REF,P,1635,1714,3349,26928
2018,Population dispersed in Cox's Bazar,REF,P,431,410,841,4361
2018,Rangamati : Zila - District,REF,I,0,0,0,6
2019,Bandarban : Zila - District,REF,I,0,0,0,15
2019,Camp 10,REF,P,2876,2972,5848,29881
2019,Camp 11,REF,P,2652,2667,5319,29522
2019,Camp 12,REF,P,2418,2520,4938,25782
2019,Camp 13,REF,P,3765,4076,7841,41444
2019,Camp 14,REF,P,3060,3231,6291,31933
2019,Camp 15,REF,P,4476,4687,9163,49300
2019,Camp 16,REF,P,2053,2071,4124,20726
2019,Camp 17,REF,P,1651,1817,3468,16218
2019,Camp 18,REF,P,2835,2959,5794,26798
2019,Camp 19,REF,P,1877,2058,3935,21665
2019,Camp 1E,REF,P,3222,3426,6648,37690
2019,Camp 1W,REF,P,3251,3289,6540,37815
2019,Camp 20,REF,P,722,713,1435,6685
2019,Camp 20 Extension,REF,P,800,820,1620,6977
2019,Camp 21,REF,P,1599,1590,3189,16012
2019,Camp 22,REF,P,1801,1848,3649,20927
2019,Camp 23,REF,P,933,1005,1938,10286
2019,Camp 24,REF,P,2144,2251,4395,25660
2019,Camp 25,REF,P,584,599,1183,7260
2019,Camp 26,REF,P,3703,3714,7417,40743
2019,Camp 27,REF,P,1305,1333,2638,14719
2019,Camp 2E,REF,P,2441,2523,4964,24978
2019,Camp 2W,REF,P,2120,2310,4430,23444
2019,Camp 3,REF,P,3329,3424,6753,35439
2019,Camp 4,REF,P,2884,3022,5906,29562
2019,Camp 4 Extension,REF,P,689,690,1379,5865
2019,Camp 5,REF,P,2619,2795,5414,24325
2019,Camp 6,REF,P,2403,2378,4781,22613
2019,Camp 7,REF,P,3874,3936,7810,37269
2019,Camp 8E,REF,P,2600,2677,5277,28922
2019,Camp 8W,REF,P,3050,3089,6139,30702
2019,Camp 9,REF,P,3142,3230,6372,32747
2019,Cox's Bazar : Zila - District,REF,I,0,0,0,19
2019,Dhaka : Zila - District,REF,I,0,0,0,13
2019,Kutupalong,REF,P,949,1088,2037,16606
2019,Nayapara,REF,P,1496,1526,3022,24190
2019,Population dispersed in Bangladesh,REF,I,0,0,0,5
2019,Rangamati : Zila - District,REF,I,0,0,0,7
2020,Bandarban : Zila - District,REF,I,0,0,0,16
2020,Camp 10,REF,P,2405,2466,4871,29709
2020,Camp 11,REF,P,2187,2197,4384,29917
2020,Camp 12,REF,P,2000,2086,4086,25887
2020,Camp 13,REF,P,2996,3322,6318,41652
2020,Camp 14,REF,P,2697,2764,5461,32227
2020,Camp 15,REF,P,3725,3892,7617,49979
2020,Camp 16,REF,P,1697,1728,3425,20824
2020,Camp 17,REF,P,1517,1675,3192,16830
2020,Camp 18,REF,P,2349,2511,4860,27156
2020,Camp 19,REF,P,1824,1978,3802,23613
2020,Camp 1E,REF,P,2596,2818,5414,37776
2020,Camp 1W,REF,P,2585,2669,5254,37974
2020,Camp 20,REF,P,604,613,1217,6790
2020,Camp 20 Extension,REF,P,785,787,1572,8219
2020,Camp 21,REF,P,1379,1370,2749,16653
2020,Camp 22,REF,P,1480,1512,2992,21230
2020,Camp 23,REF,P,771,849,1620,10569
2020,Camp 24,REF,P,1912,1932,3844,26218
2020,Camp 25,REF,P,534,565,1099,7718
2020,Camp 26,REF,P,2943,2985,5928,40032
2020,Camp 27,REF,P,1082,1118,2200,15041
2020,Camp 2E,REF,P,2102,2180,4282,25804
2020,Camp 2W,REF,P,1778,1966,3744,23816
2020,Camp 3,REF,P,2999,3070,6069,36126
2020,Camp 4,REF,P,2448,2560,5008,30064
2020,Camp 4 Extension,REF,P,697,702,1399,7262
2020,Camp 5,REF,P,2266,2378,4644,24608
2020,Camp 6,REF,P,2049,2026,4075,22969
2020,Camp 7,REF,P,3191,3171,6362,37079
2020,Camp 8E,REF,P,2184,2258,4442,29472
2020,Camp 8W,REF,P,2569,2595,5164,30745
2020,Camp 9,REF,P,2642,2711,5353,32967
2020,Cox's Bazar : Zila - District,REF,I,0,0,0,25
2020,Dhaka : Zila - District,REF,I,0,0,0,13
2020,Kutupalong,REF,P,835,904,1739,16855
2020,Nayapara,REF,P,1191,1215,2406,22677
2020,Rangamati : Zila - District,REF,I,0,0,0,6
2021,Bandarban : Zila - District,REF,I,0,0,0,15
2021,Bhasan Char,REF,P,1557,1624,3181,16775
2021,Camp 10,REF,P,2529,2573,5102,30835
2021,Camp 11,REF,P,2458,2489,4947,31658
2021,Camp 12,REF,P,2198,2354,4552,27557
2021,Camp 13,REF,P,3354,3655,7009,43957
2021,Camp 14,REF,P,3001,3003,6004,34039
2021,Camp 15,REF,P,4310,4545,8855,54233
2021,Camp 16,REF,P,1917,1937,3854,21863
2021,Camp 17,REF,P,1661,1821,3482,18042
2021,Camp 18,REF,P,2522,2693,5215,29212
2021,Camp 19,REF,P,1931,2049,3980,25303
2021,Camp 1E,REF,P,3062,3209,6271,40033
2021,Camp 1W,REF,P,2685,2804,5489,38774
2021,Camp 20,REF,P,736,721,1457,7567
2021,Camp 20 Extension,REF,P,992,1029,2021,10016
2021,Camp 21,REF,P,1423,1453,2876,16387
2021,Camp 22,REF,P,1665,1753,3418,22484
2021,Camp 24,REF,P,2078,2169,4247,27409
2021,Camp 25,REF,P,540,589,1129,7881
2021,Camp 26,REF,P,3143,3279,6422,41771
2021,Camp 27,REF,P,1191,1314,2505,16077
2021,Camp 2E,REF,P,2329,2406,4735,26497
2021,Camp 2W,REF,P,1928,2117,4045,24318
2021,Camp 3,REF,P,3003,3004,6007,37105
2021,Camp 4,REF,P,2775,2937,5712,32211
2021,Camp 4 Extension,REF,P,856,897,1753,8666
2021,Camp 5,REF,P,2638,2738,5376,26396
2021,Camp 6,REF,P,2331,2241,4572,24584
2021,Camp 7,REF,P,3381,3585,6966,39009
2021,Camp 8E,REF,P,2426,2523,4949,30951
2021,Camp 8W,REF,P,2669,2828,5497,31910
2021,Camp 9,REF,P,2775,2820,5595,34044
2021,Cox's Bazar : Zila - District,REF,I,0,0,0,23
2021,Dhaka : Zila - District,REF,I,0,0,0,12
2021,Kutupalong,REF,P,895,956,1851,17320
2021,Nayapara,REF,P,1251,1269,2520,22869
2021,Other,REF,P,65,75,140,1090
2021,Rangamati : Zila - District,REF,I,0,0,0,5
2022,Bandarban : Zila - District,REF,I,0,0,0,15
2022,Bhasan Char,REF,P,3069,3106,6175,28951
2022,Camp 10,REF,P,2552,2607,5159,31178
2022,Camp 11,REF,P,2563,2569,5132,32110
2022,Camp 12,REF,P,2163,2305,4468,28313
2022,Camp 13,REF,P,3564,3834,7398,44755
2022,Camp 14,REF,P,2943,2896,5839,34858
2022,Camp 15,REF,P,4507,4679,9186,56123
2022,Camp 16,REF,P,1739,1826,3565,22156
2022,Camp 17,REF,P,1649,1828,3477,18717
2022,Camp 18,REF,P,2592,2856,5448,29668
2022,Camp 19,REF,P,2074,2235,4309,26186
2022,Camp 1E,REF,P,3266,3327,6593,41215
2022,Camp 1W,REF,P,3089,3291,6380,39577
2022,Camp 20,REF,P,812,752,1564,8130
2022,Camp 20 Extension,REF,P,1053,1079,2132,10986
2022,Camp 21,REF,P,1405,1443,2848,16397
2022,Camp 22,REF,P,1795,1927,3722,23026
2022,Camp 24,REF,P,1846,2012,3858,26480
2022,Camp 25,REF,P,592,619,1211,8873
2022,Camp 26,REF,P,3302,3496,6798,42750
2022,Camp 27,REF,P,1198,1361,2559,16923
2022,Camp 2E,REF,P,2338,2412,4750,27074
2022,Camp 2W,REF,P,2077,2243,4320,24839
2022,Camp 3,REF,P,3273,3247,6520,37491
2022,Camp 4,REF,P,3140,3315,6455,33745
2022,Camp 4 Extension,REF,P,814,829,1643,8783
2022,Camp 5,REF,P,2467,2659,5126,26984
2022,Camp 6,REF,P,2412,2447,4859,25602
2022,Camp 7,REF,P,3404,3644,7048,39696
2022,Camp 8E,REF,P,2475,2628,5103,31659
2022,Camp 8W,REF,P,2618,2777,5395,32600
2022,Camp 9,REF,P,2814,2945,5759,35078
2022,Cox's Bazar : Zila - District,ASY,I,0,0,0,5
2022,Cox's Bazar : Zila - District,REF,I,0,0,0,23
2022,Dhaka : Zila - District,REF,I,0,0,0,12
2022,Kutupalong,REF,P,939,953,1892,17710
2022,Nayapara,REF,P,1261,1269,2530,23153
2022,Other,REF,P,13,14,27,524
2022,Rangamati : Zila - District,REF,I,0,0,0,5
2023,Bandarban : Zila - District,REF,I,0,0,0,15
2023,Bhasan Char,REF,P,3202,3346,6548,32560
2023,Camp 10,REF,P,2381,2428,4809,31666
2023,Camp 11,REF,P,2407,2429,4836,32697
2023,Camp 12,REF,P,1971,2003,3974,28730
2023,Camp 13,REF,P,3255,3434,6689,45227
2023,Camp 14,REF,P,2616,2531,5147,35371
2023,Camp 15,REF,P,4237,4415,8652,57432
2023,Camp 16,REF,P,1617,1741,3358,22551
2023,Camp 17,REF,P,1577,1696,3273,19207
2023,Camp 18,REF,P,2430,2616,5046,30409
2023,Camp 19,REF,P,2020,2104,4124,26856
2023,Camp 1E,REF,P,3276,3267,6543,42742
2023,Camp 1W,REF,P,2882,2993,5875,39894
2023,Camp 20,REF,P,767,739,1506,8585
2023,Camp 20 Extension,REF,P,1002,1044,2046,11592
2023,Camp 21,REF,P,1315,1350,2665,16777
2023,Camp 22,REF,P,1612,1722,3334,23307
2023,Camp 24,REF,P,1663,1753,3416,26516
2023,Camp 25,REF,P,545,544,1089,9047
2023,Camp 26,REF,P,2644,2745,5389,41831
2023,Camp 27,REF,P,1047,1123,2170,17056
2023,Camp 2E,REF,P,2026,2077,4103,27184
2023,Camp 2W,REF,P,1896,2031,3927,25228
2023,Camp 3,REF,P,2954,2946,5900,37566
2023,Camp 4,REF,P,2868,3102,5970,34279
2023,Camp 4 Extension,REF,P,736,774,1510,9050
2023,Camp 5,REF,P,2306,2532,4838,27723
2023,Camp 6,REF,P,2157,2182,4339,26089
2023,Camp 7,REF,P,2941,3224,6165,39864
2023,Camp 8E,REF,P,2325,2449,4774,32227
2023,Camp 8W,REF,P,2372,2584,4956,33358
2023,Camp 9,REF,P,2682,2864,5546,36035
2023,Cox's Bazar : Zila - District,REF,I,0,0,0,33
2023,Dhaka : Zila - District,REF,I,0,0,0,6
2023,Kutupalong,REF,P,1295,1334,2629,18357
2023,Nayapara,REF,P,1815,1801,3616,24426
2023,Other,REF,P,5,5,10,466
2023,Rangamati : Zila - District,REF,I,0,0,0,5
2024,Bandarban [Admin 2],REF,I,0,0,0,5
2024,Bhasan Char [Admin 3: POC],REF,P,3441,3553,6994,36539
2024,Camp 10 [Admin 3: POC],REF,P,2680,2816,5496,32966
2024,Camp 11 [Admin 3: POC],REF,P,2529,2626,5155,33607
2024,Camp 12 [Admin 3: POC],REF,P,2271,2327,4598,30402
2024,Camp 13 [Admin 3: POC],REF,P,3737,3785,7522,46825
2024,Camp 14 [Admin 3: POC],REF,P,2955,2854,5809,36484
2024,Camp 15 [Admin 3: POC],REF,P,4698,4849,9547,59474
2024,Camp 16 [Admin 3: POC],REF,P,1748,1842,3590,23093
2024,Camp 17 [Admin 3: POC],REF,P,1646,1774,3420,19771
2024,Camp 18 [Admin 3: POC],REF,P,2877,3042,5919,31927
2024,Camp 19 [Admin 3: POC],REF,P,2194,2223,4417,27758
2024,Camp 1E [Admin 3: POC],REF,P,3435,3373,6808,43923
2024,Camp 1W [Admin 3: POC],REF,P,3118,3194,6312,40818
2024,Camp 20 Extension [Admin 3: POC],REF,P,1042,1074,2116,11970
2024,Camp 20 [Admin 3: POC],REF,P,800,784,1584,8932
2024,Camp 21 [Admin 3: POC],REF,P,1380,1504,2884,17367
2024,Camp 22 [Admin 3: POC],REF,P,1954,2073,4027,24342
2024,Camp 24 [Admin 3: POC],REF,P,2025,2163,4188,27850
2024,Camp 25 [Admin 3: POC],REF,P,665,657,1322,9220
2024,Camp 26 [Admin 3: POC],REF,P,3299,3316,6615,43115
2024,Camp 27 [Admin 3: POC],REF,P,1350,1442,2792,18511
2024,Camp 2E [Admin 3: POC],REF,P,2397,2427,4824,28572
2024,Camp 2W [Admin 3: POC],REF,P,2124,2257,4381,26338
2024,Camp 3 [Admin 3: POC],REF,P,3322,3306,6628,38790
2024,Camp 4 Extension [Admin 3: POC],REF,P,684,771,1455,8737
2024,Camp 4 [Admin 3: POC],REF,P,3098,3393,6491,35538
2024,Camp 5 [Admin 3: POC],REF,P,2453,2610,5063,28381
2024,Camp 6 [Admin 3: POC],REF,P,2358,2431,4789,27234
2024,Camp 7 [Admin 3: POC],REF,P,3354,3637,6991,41869
2024,Camp 8E [Admin 3: POC],REF,P,2540,2689,5229,33244
2024,Camp 8W [Admin 3: POC],REF,P,2679,2914,5593,34653
2024,Camp 9 [Admin 3: POC],REF,P,3022,3189,6211,37704
2024,Cox's Bazar [Admin 2],ASY,I,0,0,0,10
2024,Cox's Bazar [Admin 2],REF,I,0,0,0,23
2024,Cox's Bazar [Admin 3: POC],REF,P,0,0,0,435
2024,Dispersed in the country / territory,ASY,I,5,0,5,25
2024,Dispersed in the country / territory,REF,I,5,0,5,5
2024,Kutupalong RC [Admin 3: POC],REF,P,1222,1254,2476,16807
2024,Nayapara RC [Admin 3: POC],REF,P,1803,1717,3520,22327
2024,Rangamati [Admin 2],REF,I,0,0,0,5
2025,Bandarban [Admin 2],REF,I,0,0,0,9
2025,Bhasan Char [Admin 3: POC],REF,P,3037,3118,6155,34498
2025,Camp 10 [Admin 3: POC],REF,P,2811,2974,5785,37028
2025,Camp 11 [Admin 3: POC],REF,P,2882,2985,5867,37619
2025,Camp 12 [Admin 3: POC],REF,P,2629,2684,5313,37570
2025,Camp 13 [Admin 3: POC],REF,P,4074,4104,8178,53000
2025,Camp 14 [Admin 3: POC],REF,P,3004,2983,5987,39023
2025,Camp 15 [Admin 3: POC],REF,P,5446,5567,11013,66677
2025,Camp 16 [Admin 3: POC],REF,P,2110,2201,4311,27081
2025,Camp 17 [Admin 3: POC],REF,P,2098,2279,4377,26696
2025,Camp 18 [Admin 3: POC],REF,P,3568,3692,7260,41749
2025,Camp 19 [Admin 3: POC],REF,P,2565,2648,5213,32198
2025,Camp 1E [Admin 3: POC],REF,P,4157,4226,8383,52976
2025,Camp 1W [Admin 3: POC],REF,P,3559,3744,7303,45940
2025,Camp 20 Extension [Admin 3: POC],REF,P,1219,1338,2557,14517
2025,Camp 20 [Admin 3: POC],REF,P,997,1026,2023,11448
2025,Camp 21 [Admin 3: POC],REF,P,1662,1829,3491,21328
2025,Camp 22 [Admin 3: POC],REF,P,1913,2024,3937,25055
2025,Camp 24 [Admin 3: POC],REF,P,2820,2968,5788,36796
2025,Camp 25 [Admin 3: POC],REF,P,1035,938,1973,12972
2025,Camp 26 [Admin 3: POC],REF,P,4323,4205,8528,55215
2025,Camp 27 [Admin 3: POC],REF,P,2262,2251,4513,29325
2025,Camp 2E [Admin 3: POC],REF,P,2753,2763,5516,33749
2025,Camp 2W [Admin 3: POC],REF,P,2434,2510,4944,30480
2025,Camp 3 [Admin 3: POC],REF,P,3597,3620,7217,42989
2025,Camp 4 Extension [Admin 3: POC],REF,P,837,923,1760,10821
2025,Camp 4 [Admin 3: POC],REF,P,3835,4065,7900,44192
2025,Camp 5 [Admin 3: POC],REF,P,2803,2978,5781,33222
2025,Camp 6 [Admin 3: POC],REF,P,2552,2663,5215,29547
2025,Camp 7 [Admin 3: POC],REF,P,3919,4189,8108,48049
2025,Camp 8E [Admin 3: POC],REF,P,2889,3037,5926,37725
2025,Camp 8W [Admin 3: POC],REF,P,2975,3259,6234,38509
2025,Camp 9 [Admin 3: POC],REF,P,3403,3665,7068,45469
2025,Cox's Bazar [Admin 2],ASY,I,5,0,5,33
2025,Cox's Bazar [Admin 2],REF,I,0,0,0,26
2025,Cox's Bazar [Admin 3: POC],REF,P,0,0,0,387
2025,Kutupalong RC [Admin 3: POC],REF,P,1342,1353,2695,18638
2025,Nayapara RC [Admin 3: POC],REF,P,1892,1787,3679,25475
2025,Rangamati [Admin 2],REF,I,0,0,0,5
