article_id,first_author,year,title,journal,doi,url,study_type,notes,pdf_key
A01,Lessler,2009,Incubation periods of acute respiratory viral infections: a systematic review,Lancet Infect Dis,10.1016/s1473-3099(09)70069-6,https://doi.org/10.1016/s1473-3099(09)70069-6,Systematic review and pooled analysis,Open access via PMC4327893; full text read.,
A02,Vink,2014,Serial intervals of respiratory infectious diseases: a systematic review and analysis,Am J Epidemiol,10.1093/aje/kwu209,https://doi.org/10.1093/aje/kwu209,Systematic review and reanalysis,Full text read (Zotero PDF). Rows P04 (abstract) and P55-P57 (Table 3 and text).,S854R4SS
A03,Klinkenberg,2011,"The correlation between infectivity and incubation period of measles, estimated from households with two cases",J Theor Biol,10.1016/j.jtbi.2011.06.015,https://doi.org/10.1016/j.jtbi.2011.06.015,Modelling study of household data,"Full text read: author manuscript, HAL hal-00720863 (Zotero PDF). Rows P03 (abstract) and P51-P54 (Table 2, bigamma).",TTDUQWEA
A04,Portnoy,2019,Estimates of case-fatality ratios of measles in low-income and middle-income countries: a systematic review and modelling analysis,Lancet Glob Health,10.1016/s2214-109x(18)30537-0,https://doi.org/10.1016/s2214-109x(18)30537-0,Systematic review and modelling,Open access via PMC6418190; full text read.,HYXPCYXA
A05,Sbarra,2023,Estimating national-level measles case-fatality ratios in low-income and middle-income countries: an updated systematic review and modelling study,Lancet Glob Health,10.1016/s2214-109x(23)00043-8,https://doi.org/10.1016/s2214-109x(23)00043-8,Systematic review and modelling,Open access via PMC10030458; full text read.,
A06,Wolfson,2009,Estimates of measles case fatality ratios: a comprehensive review of community-based studies,Int J Epidemiol,10.1093/ije/dyn224,https://doi.org/10.1093/ije/dyn224,Systematic review,Abstract read; contains no numeric CFR values. No rows extracted. Full text not accessed.,
A07,Guerra,2017,The basic reproduction number (R0) of measles: a systematic review,Lancet Infect Dis,10.1016/s1473-3099(17)30307-9,https://doi.org/10.1016/s1473-3099(17)30307-9,Systematic review,Abstract read; contains no median R0 values. Full text not accessed. One indirect value via Fu et al. (A08).,
A08,Fu,2026,Estimating the basic reproduction number of measles in low-and middle-income settings using 172 seroprevalence studies: a modelling approach,PLOS Glob Public Health,10.1371/journal.pgph.0006731,https://doi.org/10.1371/journal.pgph.0006731,Modelling study (seroprevalence),Open access via PMC13378968; full text read.,YFF655LM
A09,Uzicanin,2011,Field effectiveness of live attenuated measles-containing vaccines: a review of published literature,J Infect Dis,10.1093/infdis/jir102,https://doi.org/10.1093/infdis/jir102,Systematic review,Abstract only (paywalled).,
A10,Carazo,2020,Effect of age at vaccination on the measles vaccine effectiveness and immunogenicity: systematic review and meta-analysis,BMC Infect Dis,10.1186/s12879-020-4870-x,https://doi.org/10.1186/s12879-020-4870-x,Systematic review and meta-analysis,Open access via PMC7104533; full text read.,
A11,Sudfeld,2010,Effectiveness of measles vaccination and vitamin A treatment,Int J Epidemiol,10.1093/ije/dyq021,https://doi.org/10.1093/ije/dyq021,Systematic review and meta-analysis,Abstract read (open access via PMC2845860; full text not read beyond abstract).,
A13,Tiley,2025,The waning of maternal measles antibodies: a multi-country maternal-infant seroprevalence study,J Infect,10.1016/j.jinf.2025.106531,https://doi.org/10.1016/j.jinf.2025.106531,Multi-country serological study,Abstract only.,
A14,Zhang,2012,"Duration of maternally derived antibody against measles: a seroepidemiological study of infants aged under 8 months in Qinghai, China",Vaccine,10.1016/j.vaccine.2011.11.078,https://doi.org/10.1016/j.vaccine.2011.11.078,Cross-sectional serosurvey,Abstract only.,
A15,Leuridan,2010,Early waning of maternal measles antibodies in era of measles elimination: longitudinal study,BMJ,10.1136/bmj.c1626,https://doi.org/10.1136/bmj.c1626,Prospective cohort,Abstract only.,
A16,Huiming,2005,Vitamin A for treating measles in children,Cochrane Database Syst Rev,10.1002/14651858.cd001479.pub3,https://doi.org/10.1002/14651858.cd001479.pub3,Systematic review of RCTs,Abstract only. First author indexed by Europe PMC as 'Huiming Y'; surname order not verified.,
A17,Domai,2022,"Measles outbreak in the Philippines: epidemiological and clinical characteristics of hospitalized children, 2016-2019",Lancet Reg Health West Pac,10.1016/j.lanwpc.2021.100334,https://doi.org/10.1016/j.lanwpc.2021.100334,Retrospective single-centre cohort,Open access via PMC8686022; full text read.,
A18,Ale,2026,"Measles epidemic in Yakusu Health Zone, Democratic Republic of Congo, 2018-2019: a retrospective observational study",BMC Infect Dis,10.1186/s12879-026-13602-1,https://doi.org/10.1186/s12879-026-13602-1,Retrospective cluster household survey,Open access via PMC13528002; full text read.,
A19,Bhuiya,1987,Measles case fatality among the under-fives: a multivariate analysis of risk factors in a rural area of Bangladesh,Soc Sci Med,10.1016/0277-9536(87)90217-6,https://doi.org/10.1016/0277-9536(87)90217-6,Surveillance cohort analysis,Abstract only.,
A20,Koster,1988,Mortality among primary and secondary cases of measles in Bangladesh,Rev Infect Dis,10.1093/clinids/10.2.471,https://doi.org/10.1093/clinids/10.2.471,Village survey,Abstract only.,
A21,Clemens,1988,Measles vaccination and childhood mortality in rural Bangladesh,Am J Epidemiol,10.1093/oxfordjournals.aje.a115086,https://doi.org/10.1093/oxfordjournals.aje.a115086,Case-control,Abstract only.,
A22,Pervez,2026,"Clinical characteristics, complications, outcomes, and vaccination status of hospitalized measles patients during the 2026 nationwide outbreak in Bangladesh: a prospective study from a tertiary care hospital",Research Square (preprint),10.21203/rs.3.rs-10519924/v1,https://doi.org/10.21203/rs.3.rs-10519924/v1,Prospective observational (preprint),"Not peer reviewed. Abstract only, read from Europe PMC record.",
A23,Goutam,2026,"Vaccination status and its association with complications among the patients admitted with measles in the dedicated measles hospitals, Dhaka, Bangladesh",Preprint (server not confirmed),10.64898/2026.06.24.26356486,https://doi.org/10.64898/2026.06.24.26356486,Cross-sectional (preprint),Not peer reviewed. Abstract only.,
A24,Kamrujjaman,2026,"Measles resurgence in Bangladesh, 2026: a situational analysis for urgent public health response",arXiv preprint 2604.25951,10.48550/arXiv.2604.25951,https://doi.org/10.48550/arXiv.2604.25951,Rapid mixed-evidence review (preprint),"Abstract read from the arXiv API. Reports counts and proportions (to 15 April 2026: 19,161 suspected, 2,973 confirmed, 166 suspected and 32 confirmed deaths; 81% under 5 years, 34% under 9 months; 72% zero-dose, 16% partially vaccinated). It states no CFR; no rows extracted.",
A25,Hossain,2026,Resurgence of measles in Bangladesh amid a global upsurge: an urgent call for emergency public health action,Trop Med Health,10.1186/s41182-026-00982-y,https://doi.org/10.1186/s41182-026-00982-y,Commentary,Open access via PMC13214243; full text read. Relays WHO and DGHS figures; secondary source.,
A26,Hossain,2026,Beyond immunity gaps: health-system constraints and measles mortality in Bangladesh,Trop Med Health,10.1186/s41182-026-01018-1,https://doi.org/10.1186/s41182-026-01018-1,Commentary with media-report review of 34 deaths,Open access via PMC13322004; full text read. Author initials M S (different author from A25).,
A27,Jamil,2026,Unusual measles mortality in Bangladesh signals an immunisation emergency,Lancet,10.1016/s0140-6736(26)00687-2,https://doi.org/10.1016/s0140-6736(26)00687-2,Comment,Located in Europe PMC/PubMed with no abstract; content not read. No rows extracted.,
A28,Haider,2026,"Measles resurgence in Bangladesh, 2026: a warning of fragile immunization gains",Int J Infect Dis,10.1016/j.ijid.2026.108765,https://doi.org/10.1016/j.ijid.2026.108765,Commentary,Located with no abstract; content not read. No rows extracted.,
A29,Mahmud,2017,Drivers of measles mortality: the historic fatality burden of famine in Bangladesh,Epidemiol Infect,10.1017/s0950268817002564,https://doi.org/10.1017/s0950268817002564,Mechanistic model fit to Matlab mortality data,Abstract read; no numeric CFR values in the abstract and full text not accessible. No rows extracted; worth reading in full for Bangladesh CFR and transmission parameters.,
A30,Sayi,2025,"Immunogenicity and safety of a measles and rubella-containing vaccine at age 6 and 9 months in Bangladesh: an open-label, randomised trial",Lancet Child Adolesc Health,10.1016/S2352-4642(25)00090-2,https://doi.org/10.1016/S2352-4642(25)00090-2,Open-label randomised trial,"Full text read (Zotero PDF, author manuscript). Rows P59-P60.",SNZ5IMDE
A31,Nasif,2026,Genomic Epidemiology of Measles Viruses Circulating During the 2026 Nationwide Measles Outbreak in Bangladesh,Int J Infect Dis,10.1016/j.ijid.2026.109158,https://doi.org/10.1016/j.ijid.2026.109158,Hospital case series with whole-genome sequencing,"IEDCR and Infectious Disease Hospital, Dhaka. Journal pre-proof, accepted 27 September 2026; CC BY-NC-ND. Full text read. Rows P61-P64.",M624EZ2C
A32,Marye,2026,Hidden Burden of a Measles Outbreak Revealed by Genomic and Transmission Models,medRxiv (preprint),10.64898/2026.07.09.26357695,https://doi.org/10.64898/2026.07.09.26357695,Phylodynamic and agent-based modelling (preprint),"Not peer reviewed. Full text read. Row P58 (an assumed value, via A02).",9FDGUWIN
