need_id,parameter,used_in,sensitivity,register_rows,gap,terms
N01,Generation interval or serial interval distribution,Rt renewal model (first-steps step 4),high,P03; P04,Point values from abstracts only; no fitted distribution with uncertainty,serial interval|generation (time|interval)|transmission interval|interval between (successive )?cases
N02,Incubation period,Latent delay in Rt model (step 4),medium,P01; P02,Exposure to first symptoms only; no exposure to rash onset,incubation
N03,Fever onset to rash onset (prodrome),Reference date for onset (step 4),medium,,No source,prodrom|rash onset|onset of (the )?rash|fever onset|onset of fever
N04,Onset to admission or report,Observation delay in Rt model (step 4),high,,No source,onset to (hospital|admission|notification|report)|time to (hospital|admission|notification)|reporting delay|notification delay|delay (to|in) (report|notif|diagnos|hospital)
N05,Admission to discharge or death,Hospital outcome ratio and CFR timing (step 3; cfrnow),low,P05,One DRC onset-to-death row,length of (hospital )?stay|duration of (hospital|admission)|time to death|onset to death|days? (to|until) death
N06,Probability of hospitalisation given infection,Outbreak size by ratio (step 4b),high,,No source; first size estimate depends on it,hospitali[sz]|admission rate|admitted|inpatient
N07,Case or infection fatality ratio,Outbreak size from deaths (step 4b); severity,high,P06-P23,Community and hospital CFR covered; no IFR,case[- ]fatality|\bCFR\b|\bIFR\b|fatality (rate|ratio)|mortality (rate|ratio|risk)
N08,CFR by nutritional status,Severity (aim 3),medium,P26; P44-P46,No measles-specific RR for malnutrition,malnutrition|malnourish|wasting|stunting|undernutrition|vitamin A|\bSAM\b|\bMUAC\b
N09,Ascertainment or under-reporting,Outbreak size (step 4b),high,,No source,under-?report|ascertain|reporting (rate|fraction|completeness)|surveillance sensitivity|capture[- ]recapture|completeness of (report|surveillance)
N10,Reproduction number (R0 or Rt),Prior for transmission model (step 4b),medium,P47-P50,Thin; Guerra 2017 not read in full,basic reproduct|reproduction number|reproductive number|\bR0\b|\bR_0\b
N11,Vaccine effectiveness and waning,Immunity profile (step 4b; aim 2),medium,P31-P38,Covered; waning not covered,vaccine effectiveness|vaccine efficacy|seroconversion|vaccine failure|waning
N12,Maternal antibody duration,Immunity under 9 months (step 4b; aim 3),medium,P39-P43,Few South Asian sources,maternal antibod|maternal immunity|passive immunity|maternally derived
N13,Seroprevalence or population immunity profile,Susceptibles at outbreak start (step 4b),high,,No Bangladesh serosurvey,seroprev|serosurvey|serological survey|immunity (gap|profile|landscape)|susceptib(le|ility) (profile|population|accumulation)|population immunity
N14,Age-specific contact patterns,Transmission model (step 4b),medium,,No source,contact (matri|pattern|survey|rate)|mixing (matri|pattern)|social contact
N15,Seasonality of transmission,Transmission model and decline after May (step 4),medium,,No source,seasonal
N16,Campaign coverage and impact,Counterfactuals (aim 2),medium,,No source,supplementary immuni[sz]ation|\bSIAs?\b|mass vaccination|vaccination campaign|outbreak response (immuni[sz]ation|vaccination)|coverage survey
N17,Outbreak size or attack rate,Comparison for size estimate (step 4b),medium,,No source,attack rate|final (epidemic )?size|outbreak size|size of (the )?outbreak|infections averted|burden estimat
