id,article_id,via_article_id,pdf_page,parameter_type,parameter_value_type,parameter_unit,parameter_uncertainty_type,distribution_type,population_country,population_location,population_age_min,population_age_max,population_sample_size,method_disaggregated_by,quote,value_text,parameter_notes,quality_flag
P51,A03,,24,Human delay - generation time,Mean,Days,95% CrI,Gamma,United States,Rhode Island,,,5762,"Household onset intervals, 1917-23",Mean generation time 11.9 (11.5 ; 12.1) 11.1 (10.9 ; 11.3),11.9 (11.5 ; 12.1),"Bigamma joint model of incubation and generation time (Table 2); the authors' identifiability analysis found the bigamma model reliable and the bilognormal not. Values are posterior medians with 95% credible intervals. Column order (1917-23 first) from the text: mean generation times 'in the years 1917-1923 and 1929-1934, respectively'. Author manuscript (HAL hal-00720863); page is the PDF page. Sample size is the number of onset intervals.",B
P52,A03,,24,Human delay - generation time,Standard Deviation,Days,95% CrI,Gamma,United States,Rhode Island,,,5762,"Household onset intervals, 1917-23",SD generation time 1.22 (0.69 ; 2.64) 1.79 (0.79 ; 3.08),1.22 (0.69 ; 2.64),"Bigamma joint model of incubation and generation time (Table 2); the authors' identifiability analysis found the bigamma model reliable and the bilognormal not. Values are posterior medians with 95% credible intervals. Column order (1917-23 first) from the text: mean generation times 'in the years 1917-1923 and 1929-1934, respectively'. Author manuscript (HAL hal-00720863); page is the PDF page.",B
P53,A03,,24,Human delay - generation time,Mean,Days,95% CrI,Gamma,United States,Rhode Island,,,4516,"Household onset intervals, 1929-34",Mean generation time 11.9 (11.5 ; 12.1) 11.1 (10.9 ; 11.3),11.1 (10.9 ; 11.3),"Bigamma joint model of incubation and generation time (Table 2); the authors' identifiability analysis found the bigamma model reliable and the bilognormal not. Values are posterior medians with 95% credible intervals. Column order (1917-23 first) from the text: mean generation times 'in the years 1917-1923 and 1929-1934, respectively'. Author manuscript (HAL hal-00720863); page is the PDF page. Sample size is the number of onset intervals.",B
P54,A03,,24,Human delay - generation time,Standard Deviation,Days,95% CrI,Gamma,United States,Rhode Island,,,4516,"Household onset intervals, 1929-34",SD generation time 1.22 (0.69 ; 2.64) 1.79 (0.79 ; 3.08),1.79 (0.79 ; 3.08),"Bigamma joint model of incubation and generation time (Table 2); the authors' identifiability analysis found the bigamma model reliable and the bilognormal not. Values are posterior medians with 95% credible intervals. Column order (1917-23 first) from the text: mean generation times 'in the years 1917-1923 and 1929-1934, respectively'. Author manuscript (HAL hal-00720863); page is the PDF page.",B
P55,A02,,6,Human delay - serial interval,Mean,Days,95% CI,Normal,Kenya,Machakos,,,431,"Aaby 1990 household data, 1974-81, refitted by Vink","Aaby, 1990 (24) Measles Kenya 1974–1981 431 N(9.9, 2.42) 9.7, 10.2","N(9.9, 2.42) 9.7, 10.2","Table 3 row. Shortest of Vink's six measles datasets and the only low-income one; used as the low end of the generation-interval mean in sensitivity (serial and generation interval means coincide). The printed distribution is N(mean, SD squared): the text layer runs the superscript into the SD, so '2.42' is SD 2.4; the SD is not used.",A
P56,A02,,6,Human delay - serial interval,Mean,Days,95% CI,Normal,United States,,,,105,"Fine 2003 household data, 1934, refitted by Vink","Fine, 2003 (11) Measles United States 1934 105 N(13.8, 2.52) 13.3, 14.3","N(13.8, 2.52) 13.3, 14.3","Table 3 row. Longest of Vink's six measles datasets; high end of the generation-interval mean in sensitivity. The text layer runs the superscript of N(mean, SD squared) into the SD, so '2.52' is SD 2.5; the SD is not used.",A
P57,A02,,6,Human delay - serial interval,Mean,Days,,,Multiple (six household datasets),,,,,Pooled over six measles datasets,"estimated the mean serial interval to be between 9.9 days and 13.8 days, with a pooled mean of 11.7 days",pooled mean of 11.7,"Full-text replacement for P04 (abstract only). Pooled SD is shown only in Figure 3B, not in the text.",A
P58,A32,A02,12,Human delay - serial interval,Standard Deviation,Days,,Gamma,United States,Utah-Arizona,,,,"Assumed in Rt estimation, attributed to Vink 2014",we assumed that the serial interval was given by a gamma distribution with mean 9.9 days and standard deviation 2.5 days,standard deviation 2.5,"An assumption, not an estimate: Marye took mean 9.9 (Vink's Kenya dataset) with SD 2.5. Used here only for the cross-check prior that reuses the quick fallback (pooled mean 11.7, SD 2.5).",C
P59,A30,,2,Seroconversion after MCV1,Proportion,Percentage (%),95% CI,,Bangladesh,Matlab,0.75,0.75,292,One MR dose at 9 months; seroconversion by 11 months; trial 2017-18,"Of the 292 infants vaccinated at 9 months only, 291 seroconverted for both antigens by age 11 months (100%, 95% CI 98–100).","(100%, 95% CI 98–100)","Open-label randomised trial, healthy infants, on-time vaccination: an immunogenicity ceiling, not field effectiveness.",A
P60,A30,,2,Seroconversion after MCV1,Proportion,Percentage (%),95% CI,,Bangladesh,Matlab,0.5,0.5,301,One MR dose at 6 months; seroconversion within 12 weeks; trial 2017-18,"Of the 301 infants vaccinated at 6 months, 282 seroconverted for measles (94%, 95% CI 90–96)","(94%, 95% CI 90–96)","Relevant to the 2026 campaign, which included children from 6 months.",A
P61,A31,,7,Human delay - admission to discharge (provisional),Mean,Days,Range,,Bangladesh,"Infectious Disease Hospital, Dhaka",,,89,"RT-PCR confirmed admissions, April-May 2026","The mean duration of hospital stay was 5.4 days (range, 2-18 days).","5.4 days (range, 2-18",Includes the 10 patients who died; not separated. Referral hospital.,B
P62,A31,,7,Proportion of suspected cases confirmed (provisional),Proportion,Percentage (%),,,Bangladesh,"Infectious Disease Hospital, Dhaka",,,100,"Suspected admissions tested by RT-PCR, April-May 2026","A total of 100 samples were collected from suspected cases and tested for the presence of MeV RNA by RT-PCR, of which 89 (89%) were positive.",89%,One referral hospital at the outbreak peak; not a national figure.,B
P63,A31,,7,Severity - case fatality rate (CFR),Proportion,Percentage (%),,,Bangladesh,"Infectious Disease Hospital, Dhaka",,,89,"In-hospital deaths among RT-PCR confirmed admissions, April-May 2026","Overall, 79 (88.8%) patients recovered, while 10 (11.2%) died.",(11.2%),"Referral hospital, median age 8 months; not a national hospital fatality ratio.",B
P64,A31,,7,Age of cases (provisional),Median,Months,Inter Quartile Range (IQR),,Bangladesh,"Infectious Disease Hospital, Dhaka",,,89,"RT-PCR confirmed admissions, April-May 2026",the median age was 8 months (IQR: 6-10 months),8 months (IQR: 6-10,"Units are months, unlike the register's age columns (years).",B
