"osm_id","name","division","district","operator","checked_by"
5723734480,"Patuakhli Medical College Hospital","Barishal","Patuakhali",,
530156250,"BGC Trust Medical College বিজিসি ট্রাস্ট মেডিকেল কলেজ","Chattogram","Chattogram",,
2209597822,"Chittagong Medical College","Chattogram","Chattogram",,
1329007641,"Chittagong Medical College","Chattogram","Chattogram",,
842543448,"Chittagong Medical College Hospital","Chattogram","Chattogram",,
1321637745,"Southern Medical College Hospital","Chattogram","Chattogram",,
2208720892,"USTC Medical College Hospital","Chattogram","Chattogram",,
3872451348,"Cox's Bazar Medical College Hospital","Chattogram","Cox's Bazar",,
2333164534,"Comilla Medical College Hospital","Chattogram","Cumilla",,
3889036052,"Eastern Medical College & Hospital","Chattogram","Cumilla",,
262527490,"Moinamoti medical college & hospital","Chattogram","Cumilla",,
12033287068,"Ad-Din Medical College Hospital ~ MaghBazar","Dhaka","Dhaka",,
871761335,"Ad-Din Women's Medical college & Hospital","Dhaka","Dhaka",,
4518419989,"Anwar Khan Modern Medical College Hospital","Dhaka","Dhaka",,
4608145192,"Ashiyan Medical College Hospital","Dhaka","Dhaka",,
1787174815,"Bangladesh Medical College Hospital","Dhaka","Dhaka",,
12012276822,"Bangladesh Medical College Hospital","Dhaka","Dhaka",,
11821795271,"Burn & Plastic Surgery Unit, Hospital, Secretariate Road, Dhaka Medical College Hospital, Dhaka","Dhaka","Dhaka",,
6900269026,"Care Medical College Hospital Ltd","Dhaka","Dhaka",,
6900268980,"Dhaka Central International Medical College & Hospital","Dhaka","Dhaka",,
13849726001,"Dhaka Central International Medical College & Hospital (Building 02)","Dhaka","Dhaka",,
11821823342,"Dhaka Medical College Hospital, Government hospital, Secretariat Rd, Dhaka","Dhaka","Dhaka",,
2895202033,"East West Medical College and Hospital","Dhaka","Dhaka",,
337766881,"Enam Medical College and hospital","Dhaka","Dhaka",,
526081453,"Gonosastho Medical College & Hospital গণস্বাস্থ্য মেডিকেল কলেজ ও হাসপাতাল","Dhaka","Dhaka",,
4561237386,"Green Life Medical College","Dhaka","Dhaka",,
11834742028,"Green Life Medical College Hospital, Bir Uttam Shafiullah Sarak, Green Rd, Dhaka","Dhaka","Dhaka",,
11951688104,"Holy Family Red Crescent Medical College Hospital","Dhaka","Dhaka",,
877863211,"Holy Family Red Crescent Medical College and Hospital","Dhaka","Dhaka",,
12056985340,"Mugda Medical College & Hospital","Dhaka","Dhaka",,
262506884,"Northern International Medical College & Hospital","Dhaka","Dhaka",,
323098339,"Northern Medical College & Hospital","Dhaka","Dhaka",,
11824640904,"Popular Medical College, Road No. 2, Dhaka","Dhaka","Dhaka",,
13986125001,"Shaheed Monsur Ali medical college and hospital","Dhaka","Dhaka",,
6900269014,"Shahid Sohrawardy Medical College and Hospital","Dhaka","Dhaka",,
3320927147,"Sikder Medical College Hospital","Dhaka","Dhaka",,
11765658450,"Sir Salimullah Medical College Mitford Hospital, Government hospital, Mitford Rd, Dhaka","Dhaka","Dhaka",,
444013582,"Universal Medical College Hospital","Dhaka","Dhaka",,
11936872273,"Universal Medical College Hospital Ltd.","Dhaka","Dhaka",,
2365517022,"Faridpur Medical College Hospital","Dhaka","Faridpur",,
9692137610,"Faridpur Medical College Hospital","Dhaka","Faridpur",,
12330743649,"City Medical College And Hospital","Dhaka","Gazipur",,
12451250001,"Shaheed Tajuddin Ahmad Medical College Hospital","Dhaka","Gazipur",,
12112199670,"Tairunnessa Memorial Medical College And Hospital","Dhaka","Gazipur",,
656888387,"Johurul Islam Medical College and Hospital","Dhaka","Kishoreganj",,
13846497403,"President Abdul Hamid Medical College and Hospital রাষ্ট্রপতি আবদুল হামিদ মেডিকেল কলেজ ও হাসপাতাল","Dhaka","Kishoreganj",,
1309435070,"Monno Medical College & Hospital","Dhaka","Manikganj",,
9696541111,"Sheikh Hasina Medical College & Hospital, Tangail.","Dhaka","Tangail",,
2332680745,"Tangail Medical College and Hospital","Dhaka","Tangail",,
12692563664,"Ad-din Sakina Medical College and Hospital আদ-দ্বীন সখিনা মেডিকেল কলেজ ও হাসপাতাল","Khulna","Jashore",,
608009385,"Ad Din Akij Medical College Hospital","Khulna","Khulna",,
3352996091,"Gazi Medical College and Hospital","Khulna","Khulna",,
551374316,"Khulna Medical College Hospital","Khulna","Khulna",,
5836135506,"Satkhira Medical College","Khulna","Satkhira",,
5836010389,"Satkhira Medical College","Khulna","Satkhira",,
12762184768,"Genome Medical College and Hospital Ltd., Hospital","Mymensingh","Sherpur",,
12961001686,"Bogura Medical College Hospital, Hospital","Rajshahi","Bogura",,
12880813635,"Hamdard Unani Medical College O Hospital, Hospital","Rajshahi","Bogura",,
243664917,"Shahid Ziaur Rahman Medical College","Rajshahi","Bogura",,
531201398,"TMSS Medical College","Rajshahi","Bogura",,
531200948,"TMSS Medical College Hospital","Rajshahi","Bogura",,
1392886977,"Barind Medical College","Rajshahi","Rajshahi",,
433212812,"North Bengal Medical College","Rajshahi","Sirajganj",,
5234369307,"Shaheed M. Munsur Ali Medical College & Hospital","Rajshahi","Sirajganj",,
275619329,"Dinajpur Medical College and Hospital","Rangpur","Dinajpur",,
13070677911,"Begum Rokeya Medical College And Hospital, Hospital","Rangpur","Rangpur",,
180018211,"Rangpur Medical College Hospital","Rangpur","Rangpur",,
1350003313,"Habiganj Medical College","Sylhet","Habiganj",,
368010825,"M.A.G Osmani Medical College Hospital, Sylhet","Sylhet","Sylhet",,
265945386,"M.A.G Osmani Medical College Hospital, Sylhet","Sylhet","Sylhet",,
986184679,"North East Medical College Hospital","Sylhet","Sylhet",,
