id,source,doc_id,published_date,page,event,event_date,date_precision,date_text,place_raw,facility_raw,quote,quote_type,proposal_note,confirmed_by,review_note
bf5bf29292e0,rohingya_health,Measles_SOP_v2.0_Rohingya_Camps-30042026,2026-04-30,13,isolation_facility_designated,,,,Camp 2W / Kutupalong,MSF Kutupalong Field Hospital,1 MSF Kutupalong Field Hospital Camp 2W / Kutupalong,proposed,"Designated SARI ITC for measles, SOP dated 29 April 2026; table row, columns run together",,
4cec676e01a6,rohingya_health,Measles_SOP_v2.0_Rohingya_Camps-30042026,2026-04-30,13,isolation_facility_designated,,,,Camp 21,Save the Children International – PHD Field Hospital,2 Save the Children International – PHD Field Camp 21 Hospital,proposed,"Designated SARI ITC for measles, SOP dated 29 April 2026; table row, columns run together",,
84e14045b508,rohingya_health,Measles_SOP_v2.0_Rohingya_Camps-30042026,2026-04-30,13,isolation_facility_designated,,,,"Camp 7, Ukhiya",BDRCS Field Hospital,"3 Bangladesh Red Crescent Society (BDRCS) Camp 7, Ukhiya Field Hospital",proposed,"Designated SARI ITC for measles, SOP dated 29 April 2026; table row, columns run together",,
0ab8134aba93,rohingya_health,Measles_SOP_v2.0_Rohingya_Camps-30042026,2026-04-30,13,isolation_facility_designated,,,,Camp 5,Friendship Primary Health Care,4 Friendship Primary Health Care Camp 5,proposed,"Designated SARI ITC for measles, SOP dated 29 April 2026; table row, columns run together",,
7c174f993ffc,rohingya_health,Measles_SOP_v2.0_Rohingya_Camps-30042026,2026-04-30,13,isolation_facility_designated,,,,Near Camp 4 Extension,Hope Field Hospital for Women,5 Hope Field Hospital for Women Near Camp 4 Extension,proposed,"Designated SARI ITC for measles, SOP dated 29 April 2026; table row, columns run together",,
19aa357a7d13,rohingya_health,Measles_SOP_v2.0_Rohingya_Camps-30042026,2026-04-30,13,isolation_facility_designated,,,,Camp 24 (Leda),IOM Leda Hospital,6 IOM Leda Hospital Camp 24 (Leda),proposed,"Designated SARI ITC for measles, SOP dated 29 April 2026; table row, columns run together",,
f6e212c99d8e,rohingya_health,Measles_SOP_v2.0_Rohingya_Camps-30042026,2026-04-30,13,isolation_facility_designated,,,,Camp 20 Extension,IOM Camp 20 Extension PHC,7 IOM Camp 20 Extension PHC Camp 20 Extension,proposed,"Designated SARI ITC for measles, SOP dated 29 April 2026; table row, columns run together",,
eb5c9f656e13,rohingya_health,Measles_SOP_v2.0_Rohingya_Camps-30042026,2026-04-30,13,isolation_facility_designated,,,,"Camp 9, Ukhiya/Teknaf",Turkish Field Hospital,"8 Turkish Field Hospital Camp 9, Ukhiya/Teknaf",proposed,"Designated SARI ITC for measles, SOP dated 29 April 2026; table row, columns run together",,
83a686a17215,un_rco,315718,2026-05-07,2,campaign_round,2026-05-20,day,20 May 2026,camps,,The campaign will continue to 20 May 2026.,proposed,"Planned end, camp campaign",,
4e130742a80b,un_rco,315718,2026-05-07,2,other,,,,camps,"UNICEF, Health Sector","In Cox’s Bazar, UNICEF supported the Health Sector in conducting rapid assessments of treatment facilities across the refugee camps, with identified gaps informing ongoing response efforts.",proposed,Rapid assessments of camp treatment facilities; no date in quote,,
7a85e395e523,un_rco,315984,2026-05-21,1,campaign_round,2026-04-26,day,26 April,Cox’s Bazar camps,,"In the Cox’s Bazar camps, an MR vaccination and Vitamin A supplementation campaign, supported by WHO, UNICEF and humanitarian partners, was launched on 26 April, reaching 95 per cent of the 178,000 targeted children.",proposed,,KS,
627cd9af7a0f,un_rco,315984,2026-05-21,1,campaign_round,2026-05-18,day,18 May,Bhasan Char,,"The campaign was expanded to Bhasan Char on 18 May, reaching 78 per cent of the target within the first two days of implementation.",proposed,,,
4d43a51df5c5,un_rco,319256,2026-06-25,5,facility_opened,,,,Cox’s Bazar District Sadar Hospital,"Measles isolation ward, Cox’s Bazar District Sadar Hospital","In Cox’s Bazar, UNICEF supported the establishment of a 20-bed measles isolation ward at Cox’s Bazar District Sadar Hospital and provided 12 support staff, medicines, furniture and essential supplies.",proposed,Host district hospital; no date in quote,,
ed0de24ccfe6,unicef,bangladesh-humanitarian-situation-report-no-75-mid-year-30-june-2026,2026-06-30,2,facility_opened,,,,Cox's Bazar District Hospital,"Measles isolation and treatment ward, Cox's Bazar District Hospital","UNICEF also supported measles case management by establishing a 20-bed measles isolation and treatment ward at Cox's Bazar District Hospital, providing essential medicines, equipment and operational surge support.",proposed,Host district hospital; same ward as UN RCO Sitrep 5?,,
6a12fd271115,unicef,bangladesh-humanitarian-situation-report-no-75-mid-year-30-june-2026,2026-06-30,3,other,,,,camps,"UNICEF, Health Sector",UNICEF also supported the Health Sector to assess additional facilities for measles isolation and treatment centres in the camps.,proposed,Assessment of additional isolation facilities; no date in quote,,
13efea6315b0,rohingya_health,Health-Sector-Coxs-Bazar-monthly-Bulletin-April-2026,,5,campaign_round,2026-04-26,day,26 April,camps,,"As a response, an emergency mass Measles and Rubella (MR) vaccination campaign was scheduled from 26 April to 7 May 2026.",proposed,Scheduled start; end 7 May,KS,
89fce78b0c17,rohingya_health,Health-Sector-Coxs-Bazar-monthly-Bulletin-April-2026,,6,coordination,,,,camps,,"In response to the increasing number of Measles cases and identified outbreaks in Rohingya Camps, the Health Sector, in collaboration with UN agencies and Epi TWG, developed the Measles Preparedness and Response Plan for Rohingya Camps.",proposed,Reporting month April 2026; no date in quote,,unsure: not relevant
a82726378302,rohingya_health,Health-Sector-Coxs-Bazar-monthly-Bulletin-April-2026,,7,surveillance_change,,,,camps,,"The field surveillance and Immunization and Vaccine Development (IVD) team of WHO continues to investigate every case, and active case search has been enhanced for timely identification and isolation of all suspected cases.",proposed,Active case search enhanced; reporting month April 2026,KS,
d0ac55804caf,rohingya_health,Health-Sector-Coxs-Bazar-monthly-Bulletin-July-2026,,5,campaign_round,2026-04-26,day,26 April,camps,,"Despite the high cumulative disease burden and the increasing trend observed since April, both suspected measles cases and related health facility admissions have shown a declining trend following the mass measles vaccination campaign conducted from 26 April to 11 May 2026.",proposed,Conducted 26 April to 11 May,KS,
db837a326e42,rohingya_health,Health-Sector-Coxs-Bazar-monthly-Bulletin-July-2026,,7,surveillance_change,2026-08-01,day,1 August 2026,camps,,This was undertaken to support the initiation of ICD-11 implementation and MCCOD reporting from 1 August 2026.,proposed,"Cause-of-death reporting (MCCOD, ICD-11) starts",,
3555a43e2f00,rohingya_health,Health-Sector-Coxs-Bazar-monthly-Bulletin-July-2026,,7,surveillance_change,2026-07-01,month,July 2026,camps,,"The surveillance system commenced implementation in July 2026, initially covering six priority diseases.",proposed,Integrated Sentinel Surveillance; whether measles is one of the six is not stated,,
004921f7a484,rohingya_health,Health-Sector-Coxs-Bazar-monthly-Bulletin-June-2026,,8,isolation_beds,,,,camps,"IOM, two PHCs","IOM continued supporting the response to the ongoing measles upsurge, maintaining 30 dedicated measles beds across two PHCs which have integrated infectious disease treatment centers to strengthen case management and ensure timely care for affected children.",proposed,Reporting month June 2026,,
ac337afd0221,rohingya_health,Health-Sector-Coxs-Bazar-monthly-Bulletin-May-2026,,5,campaign_round,2026-04-26,day,26 April,camps,,"A government-led, WHO, and other Health Sector partners supported emergency mass Measles and Rubella (MR) vaccination campaign was scheduled and conducted from 26 April to 7 May 2026, and was later extended by two days (10 & 11 May).",proposed,Conducted 26 April to 7 May,KS,
b526cd32a8dc,rohingya_health,Health-Sector-Coxs-Bazar-monthly-Bulletin-May-2026,,5,campaign_round,2026-05-10,day,10 & 11 May,camps,,"A government-led, WHO, and other Health Sector partners supported emergency mass Measles and Rubella (MR) vaccination campaign was scheduled and conducted from 26 April to 7 May 2026, and was later extended by two days (10 & 11 May).",proposed,Extension by two days,,
9cdf06aad842,rohingya_health,Health-Sector-Coxs-Bazar-monthly-Bulletin-May-2026,,5,campaign_round,2026-05-24,day,24 May 2026,camps,,"To reach missed children, MR vaccination continued through routine immunization teams until 24 May 2026, targeting unvaccinated cohorts aged 6 months– <9 months and 24–59 months, while 9–23 months will be covered through routine services.",proposed,Mop-up through routine teams; end date,,
896a14ff279a,rohingya_health,Health-Sector-Coxs-Bazar-monthly-Bulletin-May-2026,,9,campaign_round,2026-04-26,day,April 26,camps,IRC,"In coordination with the MoHFW and the Health Sector, the International Rescue Committee (IRC) supported the MoHFW-led campwide Measles-Rubella (MR) vaccination campaign from April 26 to May 11, 2026, across multiple camps.",proposed,Partner report; 26 April to 11 May,KS,
36887a891d40,rohingya_health,Health-Sector-Coxs-Bazar-monthly-Bulletin-May-2026,,9,facility_opened,,,,Camp 15,MSF measles isolation unit,"In response to a camp-wide measles outbreak, MSF opened a 20-bed measles isolation unit in Camp 15.",proposed,No date in quote; admissions from Epiweek 16,,
