table,doc_id,page,quote,value_text,date_text,indicator,event,place_raw,facility_raw,period_text,period,note
figure,Health-Sector-Coxs-Bazar-monthly-Bulletin-April-2026,5,"In April 2026, a total of 163 suspected measles cases were reported from Ukhia and Teknaf, and 52 became lab positive.",163 suspected,,camp_suspected_cases,,Ukhia and Teknaf,,In April 2026,month,
figure,Health-Sector-Coxs-Bazar-monthly-Bulletin-April-2026,5,"In April 2026, a total of 163 suspected measles cases were reported from Ukhia and Teknaf, and 52 became lab positive.",52 became,,camp_confirmed_cases,,Ukhia and Teknaf,,In April 2026,month,
figure,Health-Sector-Coxs-Bazar-monthly-Bulletin-April-2026,5,"A total of 12 lab-confirmed measles outbreaks were identified and reported in 12 different camps (Camp 2E, 7, 8E, 9, 10, 15, 16, 17, 18, 21, 24, 26).",12 lab-confirmed,,camp_outbreaks,,camps,,,month,"Month from the bulletin's reporting period, not the quote"
figure,Health-Sector-Coxs-Bazar-monthly-Bulletin-April-2026,5,"The annualized measles case incidence per million population is 147.2, representing almost a 30- fold increase compared with the previous year (5.1).",is 147.2,,camp_incidence_annualised_per_million,,camps,,,point,
event,Health-Sector-Coxs-Bazar-monthly-Bulletin-April-2026,5,"As a response, an emergency mass Measles and Rubella (MR) vaccination campaign was scheduled from 26 April to 7 May 2026.",,26 April,,campaign_round,camps,,,,Scheduled start; end 7 May
figure,Health-Sector-Coxs-Bazar-monthly-Bulletin-April-2026,6,"In April 2026, more than 38,758 doses of different antigens were administered, targeting children less than 2 years old. This includes 12,713 doses of the Polio vaccine (OPV 1st to 3rd doses, fIPV 1st and 2nd doses) and 5,399 doses of the Measles vaccine (MR 1st and 2nd doses).","5,399 doses",,camp_routine_mr_doses,,camps,,In April 2026,month,
event,Health-Sector-Coxs-Bazar-monthly-Bulletin-April-2026,6,"In response to the increasing number of Measles cases and identified outbreaks in Rohingya Camps, the Health Sector, in collaboration with UN agencies and Epi TWG, developed the Measles Preparedness and Response Plan for Rohingya Camps.",,,,coordination,camps,,,,Reporting month April 2026; no date in quote
figure,Health-Sector-Coxs-Bazar-monthly-Bulletin-April-2026,7,"As of 29 April 2026, 461 suspected measles cases and two (2) related deaths have been reported in the camps, with samples submitted for testing at the National Polio and Measles Laboratory in Dhaka.",461 suspected,,camp_suspected_cases,,camps,,As of 29 April 2026,cumulative,
figure,Health-Sector-Coxs-Bazar-monthly-Bulletin-April-2026,7,"As of 29 April 2026, 461 suspected measles cases and two (2) related deaths have been reported in the camps, with samples submitted for testing at the National Polio and Measles Laboratory in Dhaka.",two (2) related,,camp_deaths,,camps,,As of 29 April 2026,cumulative,
figure,Health-Sector-Coxs-Bazar-monthly-Bulletin-April-2026,7,"Out of 134 lab reports received, 40 laboratory-confirmed cases were found, of which 33 were in twelve camps in Ukhia (Camps 1E, 2E, 3, 5, 7, 9, 10, 15, 16, 17, 18, 20), seven cases in five camps of Teknaf (Camps 21, 22, 24, 26 & 27), and one in Bhasan Char (cluster 60).",134 lab reports,,camp_lab_results,,camps,,,cumulative,Cumulative to 29 April (previous sentence)
figure,Health-Sector-Coxs-Bazar-monthly-Bulletin-April-2026,7,"Out of 134 lab reports received, 40 laboratory-confirmed cases were found, of which 33 were in twelve camps in Ukhia (Camps 1E, 2E, 3, 5, 7, 9, 10, 15, 16, 17, 18, 20), seven cases in five camps of Teknaf (Camps 21, 22, 24, 26 & 27), and one in Bhasan Char (cluster 60).",40 laboratory-confirmed,,camp_confirmed_cases,,camps,,,cumulative,Cumulative to 29 April (previous sentence)
figure,Health-Sector-Coxs-Bazar-monthly-Bulletin-April-2026,7,"Out of 134 lab reports received, 40 laboratory-confirmed cases were found, of which 33 were in twelve camps in Ukhia (Camps 1E, 2E, 3, 5, 7, 9, 10, 15, 16, 17, 18, 20), seven cases in five camps of Teknaf (Camps 21, 22, 24, 26 & 27), and one in Bhasan Char (cluster 60).",33 were,,camp_confirmed_cases,,Ukhia,,,cumulative,Cumulative to 29 April (previous sentence); parts as stated sum to more than the total
figure,Health-Sector-Coxs-Bazar-monthly-Bulletin-April-2026,7,"Out of 134 lab reports received, 40 laboratory-confirmed cases were found, of which 33 were in twelve camps in Ukhia (Camps 1E, 2E, 3, 5, 7, 9, 10, 15, 16, 17, 18, 20), seven cases in five camps of Teknaf (Camps 21, 22, 24, 26 & 27), and one in Bhasan Char (cluster 60).",seven cases,,camp_confirmed_cases,,Teknaf,,,cumulative,Cumulative to 29 April (previous sentence)
figure,Health-Sector-Coxs-Bazar-monthly-Bulletin-April-2026,7,"Out of 134 lab reports received, 40 laboratory-confirmed cases were found, of which 33 were in twelve camps in Ukhia (Camps 1E, 2E, 3, 5, 7, 9, 10, 15, 16, 17, 18, 20), seven cases in five camps of Teknaf (Camps 21, 22, 24, 26 & 27), and one in Bhasan Char (cluster 60).",one in Bhasan Char,,camp_confirmed_cases,,Bhasan Char,,,cumulative,Cumulative to 29 April (previous sentence)
figure,Health-Sector-Coxs-Bazar-monthly-Bulletin-April-2026,7,"64% of the lab-confirmed cases were children between 6 months and 5 years, while 23% were those below 9 months.",64%,,camp_cases_age_6m_5y_pct,,camps,,,cumulative,Base: lab-confirmed cases
figure,Health-Sector-Coxs-Bazar-monthly-Bulletin-April-2026,7,"64% of the lab-confirmed cases were children between 6 months and 5 years, while 23% were those below 9 months.",23%,,camp_cases_age_under9m_pct,,camps,,,cumulative,Base: lab-confirmed cases
event,Health-Sector-Coxs-Bazar-monthly-Bulletin-April-2026,7,"The field surveillance and Immunization and Vaccine Development (IVD) team of WHO continues to investigate every case, and active case search has been enhanced for timely identification and isolation of all suspected cases.",,,,surveillance_change,camps,,,,Active case search enhanced; reporting month April 2026
figure,Health-Sector-Coxs-Bazar-monthly-Bulletin-May-2026,5,"In May 2026, a total of 50 suspected measles cases were reported from Ukhia and Teknaf, and all became lab positive.",50 suspected,,camp_suspected_cases,,Ukhia and Teknaf,,In May 2026,month,All lab positive (no number given)
figure,Health-Sector-Coxs-Bazar-monthly-Bulletin-May-2026,5,"Twelve newly laboratory-confirmed measles outbreaks were identified in 12 camps (Camp 1E, 1W, 2W, 3, 4, 4 Extension, 5, 6, 11, 14, 20, and 20 Extension).",Twelve newly,,camp_outbreaks_new,,camps,,,month,Month from the bulletin's reporting period
figure,Health-Sector-Coxs-Bazar-monthly-Bulletin-May-2026,5,This brought the total number of camps with laboratory-confirmed measles outbreaks to 24.,to 24,,camp_outbreaks,,camps,,,cumulative,
event,Health-Sector-Coxs-Bazar-monthly-Bulletin-May-2026,5,"A government-led, WHO, and other Health Sector partners supported emergency mass Measles and Rubella (MR) vaccination campaign was scheduled and conducted from 26 April to 7 May 2026, and was later extended by two days (10 & 11 May).",,26 April,,campaign_round,camps,,,,Conducted 26 April to 7 May
event,Health-Sector-Coxs-Bazar-monthly-Bulletin-May-2026,5,"A government-led, WHO, and other Health Sector partners supported emergency mass Measles and Rubella (MR) vaccination campaign was scheduled and conducted from 26 April to 7 May 2026, and was later extended by two days (10 & 11 May).",,10 & 11 May,,campaign_round,camps,,,,Extension by two days
figure,Health-Sector-Coxs-Bazar-monthly-Bulletin-May-2026,5,"By the end of the 12-day campaign, 166,772 children received MR vaccination (93.7% coverage of 178,028 targets), with Teknaf camps achieving 98% and Ukhiya 92.8%.","166,772 children",,camp_campaign_vaccinated,,camps,,,cumulative,
figure,Health-Sector-Coxs-Bazar-monthly-Bulletin-May-2026,5,"By the end of the 12-day campaign, 166,772 children received MR vaccination (93.7% coverage of 178,028 targets), with Teknaf camps achieving 98% and Ukhiya 92.8%.",93.7% coverage,,camp_campaign_coverage_pct,,camps,,,cumulative,
figure,Health-Sector-Coxs-Bazar-monthly-Bulletin-May-2026,5,"By the end of the 12-day campaign, 166,772 children received MR vaccination (93.7% coverage of 178,028 targets), with Teknaf camps achieving 98% and Ukhiya 92.8%.","178,028 targets",,camp_campaign_target,,camps,,,point,
figure,Health-Sector-Coxs-Bazar-monthly-Bulletin-May-2026,5,"By the end of the 12-day campaign, 166,772 children received MR vaccination (93.7% coverage of 178,028 targets), with Teknaf camps achieving 98% and Ukhiya 92.8%.",achieving 98%,,camp_campaign_coverage_pct,,Teknaf,,,cumulative,
figure,Health-Sector-Coxs-Bazar-monthly-Bulletin-May-2026,5,"By the end of the 12-day campaign, 166,772 children received MR vaccination (93.7% coverage of 178,028 targets), with Teknaf camps achieving 98% and Ukhiya 92.8%.",Ukhiya 92.8%,,camp_campaign_coverage_pct,,Ukhiya,,,cumulative,
figure,Health-Sector-Coxs-Bazar-monthly-Bulletin-May-2026,5,"Additionally, 168,447 children received Vitamin A supplementation.","168,447 children",,camp_campaign_vitamin_a,,camps,,,cumulative,
event,Health-Sector-Coxs-Bazar-monthly-Bulletin-May-2026,5,"To reach missed children, MR vaccination continued through routine immunization teams until 24 May 2026, targeting unvaccinated cohorts aged 6 months– <9 months and 24–59 months, while 9–23 months will be covered through routine services.",,24 May 2026,,campaign_round,camps,,,,Mop-up through routine teams; end date
figure,Health-Sector-Coxs-Bazar-monthly-Bulletin-May-2026,5,"Rapid Convenience Monitoring (RCM) by WHO and Health Sector partners visited 3336 households after completion of the campaign. A total of 4819 children were eligible, and the evaluated coverage was 96%.",coverage was 96%,,camp_rcm_coverage_pct,,camps,,,point,
figure,Health-Sector-Coxs-Bazar-monthly-Bulletin-May-2026,5,"Rapid Convenience Monitoring (RCM) by WHO and Health Sector partners visited 3336 households after completion of the campaign. A total of 4819 children were eligible, and the evaluated coverage was 96%.",4819 children,,camp_rcm_children_eligible,,camps,,,point,
figure,Health-Sector-Coxs-Bazar-monthly-Bulletin-May-2026,6,"In May 2026, more than 30,000 doses of different antigens were administered, targeting children less than 2 years old. This includes 11,297 doses of the Polio vaccine (OPV 1st to 3rd doses, fIPV 1st and 2nd doses) and 121 doses of the Measles vaccine (MR 1st and 2nd doses).",121 doses,,camp_routine_mr_doses,,camps,,In May 2026,month,
figure,Health-Sector-Coxs-Bazar-monthly-Bulletin-May-2026,7,"Over 1,600 Community Health Workers (CHWs) and over 800 RCCE volunteers were mobilized to raise awareness on measles prevention, including key do’s and don’ts, early symptom recognition, and timely care-seeking.","1,600 Community",,camp_chw_mobilised,,camps,,,month,'Over'; reporting month May 2026
event,Health-Sector-Coxs-Bazar-monthly-Bulletin-May-2026,9,"In coordination with the MoHFW and the Health Sector, the International Rescue Committee (IRC) supported the MoHFW-led campwide Measles-Rubella (MR) vaccination campaign from April 26 to May 11, 2026, across multiple camps.",,April 26,,campaign_round,camps,IRC,,,Partner report; 26 April to 11 May
event,Health-Sector-Coxs-Bazar-monthly-Bulletin-May-2026,9,"In response to a camp-wide measles outbreak, MSF opened a 20-bed measles isolation unit in Camp 15.",,,,facility_opened,Camp 15,MSF measles isolation unit,,,No date in quote; admissions from Epiweek 16
figure,Health-Sector-Coxs-Bazar-monthly-Bulletin-May-2026,9,"In response to a camp-wide measles outbreak, MSF opened a 20-bed measles isolation unit in Camp 15.",20-bed,,camp_isolation_beds,,Camp 15,,,point,MSF isolation unit
figure,Health-Sector-Coxs-Bazar-monthly-Bulletin-June-2026,5,"In June 2026, a total of 142 suspected measles cases were reported from Ukhia and Teknaf, and four cases became lab positive while 138 were epidemiologically linked.",142 suspected,,camp_suspected_cases,,Ukhia and Teknaf,,In June 2026,month,
figure,Health-Sector-Coxs-Bazar-monthly-Bulletin-June-2026,5,"In June 2026, a total of 142 suspected measles cases were reported from Ukhia and Teknaf, and four cases became lab positive while 138 were epidemiologically linked.",four cases,,camp_confirmed_cases,,Ukhia and Teknaf,,In June 2026,month,
figure,Health-Sector-Coxs-Bazar-monthly-Bulletin-June-2026,5,"In June 2026, a total of 142 suspected measles cases were reported from Ukhia and Teknaf, and four cases became lab positive while 138 were epidemiologically linked.",138 were,,camp_epilinked_cases,,Ukhia and Teknaf,,In June 2026,month,
figure,Health-Sector-Coxs-Bazar-monthly-Bulletin-June-2026,5,"Twenty-seven (27) laboratory-confirmed ongoing measles outbreaks have been identified in camps except 12, 13, 19, KTP RC, 22, 25, and 27.",(27) laboratory-confirmed,,camp_outbreaks,,camps,,,cumulative,Ongoing outbreaks
figure,Health-Sector-Coxs-Bazar-monthly-Bulletin-June-2026,5,"Measles hospital admissions declined steadily during Epidemiological Week (EW) 18–25, from 43 cases in EW 18 to 8 cases in EW 25, reflecting a reduction in severe measles cases requiring hospitalization.",43 cases in EW 18,,camp_admissions,,camps,,EW 18,week,
figure,Health-Sector-Coxs-Bazar-monthly-Bulletin-June-2026,5,"Measles hospital admissions declined steadily during Epidemiological Week (EW) 18–25, from 43 cases in EW 18 to 8 cases in EW 25, reflecting a reduction in severe measles cases requiring hospitalization.",8 cases in EW 25,,camp_admissions,,camps,,EW 25,week,
figure,Health-Sector-Coxs-Bazar-monthly-Bulletin-June-2026,5,"The total number of measles cases now stands at 129 lab-confirmed cases, 578 epidemiologically linked cases, and five (5) suspected measles deaths ( CFR-0.6%) as of 2 July 2026.",129 lab-confirmed,,camp_confirmed_cases,,camps,,as of 2 July 2026,cumulative,
figure,Health-Sector-Coxs-Bazar-monthly-Bulletin-June-2026,5,"The total number of measles cases now stands at 129 lab-confirmed cases, 578 epidemiologically linked cases, and five (5) suspected measles deaths ( CFR-0.6%) as of 2 July 2026.",578 epidemiologically,,camp_epilinked_cases,,camps,,as of 2 July 2026,cumulative,
figure,Health-Sector-Coxs-Bazar-monthly-Bulletin-June-2026,5,"The total number of measles cases now stands at 129 lab-confirmed cases, 578 epidemiologically linked cases, and five (5) suspected measles deaths ( CFR-0.6%) as of 2 July 2026.",five (5) suspected,,camp_deaths,,camps,,as of 2 July 2026,cumulative,
figure,Health-Sector-Coxs-Bazar-monthly-Bulletin-June-2026,5,"The total number of measles cases now stands at 129 lab-confirmed cases, 578 epidemiologically linked cases, and five (5) suspected measles deaths ( CFR-0.6%) as of 2 July 2026.",CFR-0.6%,,camp_cfr_pct,,camps,,as of 2 July 2026,cumulative,
figure,Health-Sector-Coxs-Bazar-monthly-Bulletin-June-2026,6,"In June 2026, more than 42,000 doses of different antigens were administered, targeting children less than 2 years old. This includes 12,276 doses of the Polio vaccine (OPV 1st to 3rd doses, fIPV 1st and 2nd doses) and 8,484 doses of the Measles vaccine (MR 1st and 2nd doses).","8,484 doses",,camp_routine_mr_doses,,camps,,In June 2026,month,
figure,Health-Sector-Coxs-Bazar-monthly-Bulletin-June-2026,8,"IOM continued supporting the response to the ongoing measles upsurge, maintaining 30 dedicated measles beds across two PHCs which have integrated infectious disease treatment centers to strengthen case management and ensure timely care for affected children.",30 dedicated,,camp_isolation_beds,,camps,,,point,"IOM, two PHCs"
event,Health-Sector-Coxs-Bazar-monthly-Bulletin-June-2026,8,"IOM continued supporting the response to the ongoing measles upsurge, maintaining 30 dedicated measles beds across two PHCs which have integrated infectious disease treatment centers to strengthen case management and ensure timely care for affected children.",,,,isolation_beds,camps,"IOM, two PHCs",,,Reporting month June 2026
figure,Health-Sector-Coxs-Bazar-monthly-Bulletin-July-2026,5,"As of July, a total of 1,824 suspected measles cases had been reported in 2026. Of these, 284 were laboratory-confirmed, and 970 were epidemiologically linked, bringing the total number of outbreak-related measles cases to 1,254.","1,824 suspected",,camp_suspected_cases,,camps,,As of July,cumulative,
figure,Health-Sector-Coxs-Bazar-monthly-Bulletin-July-2026,5,"As of July, a total of 1,824 suspected measles cases had been reported in 2026. Of these, 284 were laboratory-confirmed, and 970 were epidemiologically linked, bringing the total number of outbreak-related measles cases to 1,254.",284 were,,camp_confirmed_cases,,camps,,As of July,cumulative,
figure,Health-Sector-Coxs-Bazar-monthly-Bulletin-July-2026,5,"As of July, a total of 1,824 suspected measles cases had been reported in 2026. Of these, 284 were laboratory-confirmed, and 970 were epidemiologically linked, bringing the total number of outbreak-related measles cases to 1,254.",970 were,,camp_epilinked_cases,,camps,,As of July,cumulative,
figure,Health-Sector-Coxs-Bazar-monthly-Bulletin-July-2026,5,"As of July, a total of 1,824 suspected measles cases had been reported in 2026. Of these, 284 were laboratory-confirmed, and 970 were epidemiologically linked, bringing the total number of outbreak-related measles cases to 1,254.","to 1,254",,camp_total_cases,,camps,,As of July,cumulative,
figure,Health-Sector-Coxs-Bazar-monthly-Bulletin-July-2026,5,"In addition, 14 laboratory-confirmed rubella cases were identified among the suspected cases.",14 laboratory-confirmed,,camp_rubella_confirmed,,camps,,,cumulative,As of July (previous sentence)
figure,Health-Sector-Coxs-Bazar-monthly-Bulletin-July-2026,5,"Ten (10) suspected measles deaths were reported, resulting in a case fatality rate (CFR) of 0.6%.",Ten (10),,camp_deaths,,camps,,,cumulative,As of July (preceding sentences)
figure,Health-Sector-Coxs-Bazar-monthly-Bulletin-July-2026,5,"Ten (10) suspected measles deaths were reported, resulting in a case fatality rate (CFR) of 0.6%.",of 0.6%,,camp_cfr_pct,,camps,,,cumulative,As of July (preceding sentences)
figure,Health-Sector-Coxs-Bazar-monthly-Bulletin-July-2026,5,"The campaign targeted children aged 6 months to below 5 years across the camps and vaccinated 167,542 children, achieving 94.1% administrative coverage.","167,542 children",,camp_campaign_vaccinated,,camps,,,cumulative,
figure,Health-Sector-Coxs-Bazar-monthly-Bulletin-July-2026,5,"The campaign targeted children aged 6 months to below 5 years across the camps and vaccinated 167,542 children, achieving 94.1% administrative coverage.",94.1% administrative,,camp_campaign_coverage_pct,,camps,,,cumulative,
event,Health-Sector-Coxs-Bazar-monthly-Bulletin-July-2026,5,"Despite the high cumulative disease burden and the increasing trend observed since April, both suspected measles cases and related health facility admissions have shown a declining trend following the mass measles vaccination campaign conducted from 26 April to 11 May 2026.",,26 April,,campaign_round,camps,,,,Conducted 26 April to 11 May
figure,Health-Sector-Coxs-Bazar-monthly-Bulletin-July-2026,6,"In July 2026, more than 38,000 doses of different antigens were administered, targeting children less than 2 years old. This includes 10,308 doses of the Polio vaccine (OPV 1st to 3rd doses, fIPV 1st and 2nd doses) and 7,032 doses of the Measles vaccine (MR 1st and 2nd doses).","7,032 doses",,camp_routine_mr_doses,,camps,,In July 2026,month,
event,Health-Sector-Coxs-Bazar-monthly-Bulletin-July-2026,7,This was undertaken to support the initiation of ICD-11 implementation and MCCOD reporting from 1 August 2026.,,1 August 2026,,surveillance_change,camps,,,,"Cause-of-death reporting (MCCOD, ICD-11) starts"
event,Health-Sector-Coxs-Bazar-monthly-Bulletin-July-2026,7,"The surveillance system commenced implementation in July 2026, initially covering six priority diseases.",,July 2026,,surveillance_change,camps,,,,Integrated Sentinel Surveillance; whether measles is one of the six is not stated
figure,Measles_SOP_v2.0_Rohingya_Camps-30042026,13,"Suspected or confirmed measles cases with any danger sign, high-risk patient characteristic, or complication must be admitted to one of the eight dedicated Severe Acute Respiratory Infection Isolation and Treatment Centres (SARI ITCs) operating in the camps",eight dedicated,,camp_sari_itc_count,,camps,,,point,SOP dated 29 April 2026
event,Measles_SOP_v2.0_Rohingya_Camps-30042026,13,1 MSF Kutupalong Field Hospital Camp 2W / Kutupalong,,,,isolation_facility_designated,Camp 2W / Kutupalong,MSF Kutupalong Field Hospital,,,"Designated SARI ITC for measles, SOP dated 29 April 2026; table row, columns run together"
event,Measles_SOP_v2.0_Rohingya_Camps-30042026,13,2 Save the Children International – PHD Field Camp 21 Hospital,,,,isolation_facility_designated,Camp 21,Save the Children International – PHD Field Hospital,,,"Designated SARI ITC for measles, SOP dated 29 April 2026; table row, columns run together"
event,Measles_SOP_v2.0_Rohingya_Camps-30042026,13,"3 Bangladesh Red Crescent Society (BDRCS) Camp 7, Ukhiya Field Hospital",,,,isolation_facility_designated,"Camp 7, Ukhiya",BDRCS Field Hospital,,,"Designated SARI ITC for measles, SOP dated 29 April 2026; table row, columns run together"
event,Measles_SOP_v2.0_Rohingya_Camps-30042026,13,4 Friendship Primary Health Care Camp 5,,,,isolation_facility_designated,Camp 5,Friendship Primary Health Care,,,"Designated SARI ITC for measles, SOP dated 29 April 2026; table row, columns run together"
event,Measles_SOP_v2.0_Rohingya_Camps-30042026,13,5 Hope Field Hospital for Women Near Camp 4 Extension,,,,isolation_facility_designated,Near Camp 4 Extension,Hope Field Hospital for Women,,,"Designated SARI ITC for measles, SOP dated 29 April 2026; table row, columns run together"
event,Measles_SOP_v2.0_Rohingya_Camps-30042026,13,6 IOM Leda Hospital Camp 24 (Leda),,,,isolation_facility_designated,Camp 24 (Leda),IOM Leda Hospital,,,"Designated SARI ITC for measles, SOP dated 29 April 2026; table row, columns run together"
event,Measles_SOP_v2.0_Rohingya_Camps-30042026,13,7 IOM Camp 20 Extension PHC Camp 20 Extension,,,,isolation_facility_designated,Camp 20 Extension,IOM Camp 20 Extension PHC,,,"Designated SARI ITC for measles, SOP dated 29 April 2026; table row, columns run together"
event,Measles_SOP_v2.0_Rohingya_Camps-30042026,13,"8 Turkish Field Hospital Camp 9, Ukhiya/Teknaf",,,,isolation_facility_designated,"Camp 9, Ukhiya/Teknaf",Turkish Field Hospital,,,"Designated SARI ITC for measles, SOP dated 29 April 2026; table row, columns run together"
figure,314522,2,"Transmission has also been reported in Rohingya refugee camps, with eight laboratory-confirmed cases, including seven in Cox’s Bazar and one in Bhasan Char, and 214 suspected cases across camp settings, including 206 in Cox’s Bazar and 8 in Bhasan Char.",eight laboratory-confirmed,,camp_confirmed_cases,,camps,,,cumulative,No date in quote; sitrep published 16 April
figure,314522,2,"Transmission has also been reported in Rohingya refugee camps, with eight laboratory-confirmed cases, including seven in Cox’s Bazar and one in Bhasan Char, and 214 suspected cases across camp settings, including 206 in Cox’s Bazar and 8 in Bhasan Char.",seven in Cox’s Bazar,,camp_confirmed_cases,,Cox’s Bazar camps,,,cumulative,No date in quote; sitrep published 16 April
figure,314522,2,"Transmission has also been reported in Rohingya refugee camps, with eight laboratory-confirmed cases, including seven in Cox’s Bazar and one in Bhasan Char, and 214 suspected cases across camp settings, including 206 in Cox’s Bazar and 8 in Bhasan Char.",one in Bhasan Char,,camp_confirmed_cases,,Bhasan Char,,,cumulative,No date in quote; sitrep published 16 April
figure,314522,2,"Transmission has also been reported in Rohingya refugee camps, with eight laboratory-confirmed cases, including seven in Cox’s Bazar and one in Bhasan Char, and 214 suspected cases across camp settings, including 206 in Cox’s Bazar and 8 in Bhasan Char.",214 suspected,,camp_suspected_cases,,camps,,,cumulative,No date in quote; sitrep published 16 April
figure,314522,2,"Transmission has also been reported in Rohingya refugee camps, with eight laboratory-confirmed cases, including seven in Cox’s Bazar and one in Bhasan Char, and 214 suspected cases across camp settings, including 206 in Cox’s Bazar and 8 in Bhasan Char.",206 in Cox’s Bazar,,camp_suspected_cases,,Cox’s Bazar camps,,,cumulative,No date in quote; sitrep published 16 April
figure,314522,2,"Transmission has also been reported in Rohingya refugee camps, with eight laboratory-confirmed cases, including seven in Cox’s Bazar and one in Bhasan Char, and 214 suspected cases across camp settings, including 206 in Cox’s Bazar and 8 in Bhasan Char.",8 in Bhasan Char,,camp_suspected_cases,,Bhasan Char,,,cumulative,No date in quote; sitrep published 16 April
figure,314356,1,The annualised measles incidence in the camps stands at 29.44 cases per million population,29.44 cases,,camp_incidence_annualised_per_million,,camps,,,point,
figure,314356,1,"Transmission has also been reported in Rohingya refugee camps, where 331 suspected measles cases, including eight laboratory-confirmed cases, had been reported as of 22 April. Of the laboratory-confirmed cases, 75 per cent were among children under 5 years of age, including 37.5 per cent among infants aged under 9 months.",75 per cent,,camp_cases_age_under5_pct,,camps,,as of 22 April,cumulative,Base: lab-confirmed cases; also in context-figures.csv
figure,314356,1,"Transmission has also been reported in Rohingya refugee camps, where 331 suspected measles cases, including eight laboratory-confirmed cases, had been reported as of 22 April. Of the laboratory-confirmed cases, 75 per cent were among children under 5 years of age, including 37.5 per cent among infants aged under 9 months.",37.5 per cent,,camp_cases_age_under9m_pct,,camps,,as of 22 April,cumulative,Base: lab-confirmed cases; also in context-figures.csv
figure,315718,2,"Government and partners, is continuing a national Measles-Rubella (MR) and Vitamin A campaign targeting 178,000 children across all camps, with 57.8 per cent coverage achieved as of 3 May.","178,000 children",,camp_campaign_target,,camps,,,point,
figure,315718,2,"Government and partners, is continuing a national Measles-Rubella (MR) and Vitamin A campaign targeting 178,000 children across all camps, with 57.8 per cent coverage achieved as of 3 May.",57.8 per cent,,camp_campaign_coverage_pct,,camps,,as of 3 May,cumulative,
event,315718,2,The campaign will continue to 20 May 2026.,,20 May 2026,,campaign_round,camps,,,,"Planned end, camp campaign"
event,315718,2,"In Cox’s Bazar, UNICEF supported the Health Sector in conducting rapid assessments of treatment facilities across the refugee camps, with identified gaps informing ongoing response efforts.",,,,other,camps,"UNICEF, Health Sector",,,Rapid assessments of camp treatment facilities; no date in quote
figure,315718,4,"Under the MR campaign, IRC supported vaccination activities in Cox’s Bazar, focused on refugee camps 6, 11, 22, 25, and Nayapara Refugee Camp, targeting 11,582 individuals and successfully vaccinating 9,107.","targeting 11,582",,camp_campaign_target,,"Camps 6, 11, 22, 25 and Nayapara",,,point,IRC-supported camps
figure,315718,4,"Under the MR campaign, IRC supported vaccination activities in Cox’s Bazar, focused on refugee camps 6, 11, 22, 25, and Nayapara Refugee Camp, targeting 11,582 individuals and successfully vaccinating 9,107.","vaccinating 9,107",,camp_campaign_vaccinated,,"Camps 6, 11, 22, 25 and Nayapara",,,cumulative,IRC-supported camps
event,315984,1,"In the Cox’s Bazar camps, an MR vaccination and Vitamin A supplementation campaign, supported by WHO, UNICEF and humanitarian partners, was launched on 26 April, reaching 95 per cent of the 178,000 targeted children.",,26 April,,campaign_round,Cox’s Bazar camps,,,,
figure,315984,1,"In the Cox’s Bazar camps, an MR vaccination and Vitamin A supplementation campaign, supported by WHO, UNICEF and humanitarian partners, was launched on 26 April, reaching 95 per cent of the 178,000 targeted children.",95 per cent,,camp_campaign_coverage_pct,,Cox’s Bazar camps,,,cumulative,
figure,315984,1,"In the Cox’s Bazar camps, an MR vaccination and Vitamin A supplementation campaign, supported by WHO, UNICEF and humanitarian partners, was launched on 26 April, reaching 95 per cent of the 178,000 targeted children.","178,000 targeted",,camp_campaign_target,,Cox’s Bazar camps,,,point,
event,315984,1,"The campaign was expanded to Bhasan Char on 18 May, reaching 78 per cent of the target within the first two days of implementation.",,18 May,,campaign_round,Bhasan Char,,,,
figure,315984,1,"The campaign was expanded to Bhasan Char on 18 May, reaching 78 per cent of the target within the first two days of implementation.",78 per cent,,camp_campaign_coverage_pct,,Bhasan Char,,,cumulative,First two days
figure,315984,1,"Among confirmed cases in the camps, 63 per cent are children under five, including 20 per cent aged under nine months, who are not yet eligible for MR vaccination under the routine immunisation schedule.",63 per cent,,camp_cases_age_under5_pct,,camps,,,cumulative,Base: confirmed cases; also in context-figures.csv
figure,315984,1,"Among confirmed cases in the camps, 63 per cent are children under five, including 20 per cent aged under nine months, who are not yet eligible for MR vaccination under the routine immunisation schedule.",20 per cent,,camp_cases_age_under9m_pct,,camps,,,cumulative,Base: confirmed cases; also in context-figures.csv
figure,315984,5,"The International Rescue Committee (IRC) supported the MR vaccination campaign in the Rohingya camps from 26 April to 11 May, in coordination with the Health Sector. Support covered Camp 6, Camp 11, Camp 22, Camp 25 and Nayapara Registered Camp. Against a target of 11,582 children under five, the campaign vaccinated 19,499 children.","11,582 children",,camp_campaign_target,,"Camps 6, 11, 22, 25 and Nayapara",,,point,IRC-supported camps
figure,315984,5,"The International Rescue Committee (IRC) supported the MR vaccination campaign in the Rohingya camps from 26 April to 11 May, in coordination with the Health Sector. Support covered Camp 6, Camp 11, Camp 22, Camp 25 and Nayapara Registered Camp. Against a target of 11,582 children under five, the campaign vaccinated 19,499 children.","vaccinated 19,499",,camp_campaign_vaccinated,,"Camps 6, 11, 22, 25 and Nayapara",,,cumulative,IRC-supported camps; Sitrep 3 gives a different figure
figure,319256,1,"In the Rohingya refugee camps in Cox’s Bazar, the MR vaccination and Vitamin A supplementation campaign reached 94 per cent of the 178,024 targeted children.",94 per cent,,camp_campaign_coverage_pct,,Cox’s Bazar camps,,,cumulative,
figure,319256,1,"In the Rohingya refugee camps in Cox’s Bazar, the MR vaccination and Vitamin A supplementation campaign reached 94 per cent of the 178,024 targeted children.","178,024 targeted",,camp_campaign_target,,Cox’s Bazar camps,,,point,
figure,319256,1,"In Bhasan Char, the campaign achieved 99 per cent coverage.",99 per cent,,camp_campaign_coverage_pct,,Bhasan Char,,,cumulative,
figure,319256,1,"In the Rohingya refugee camps, including Bhasan Char, 865 suspected and 105 confirmed cases have been reported, with five deaths recorded to date.",865 suspected,,camp_suspected_cases,,camps including Bhasan Char,,,cumulative,To date; sitrep published 25 June
figure,319256,1,"In the Rohingya refugee camps, including Bhasan Char, 865 suspected and 105 confirmed cases have been reported, with five deaths recorded to date.",105 confirmed,,camp_confirmed_cases,,camps including Bhasan Char,,,cumulative,To date; sitrep published 25 June
figure,319256,1,"In the Rohingya refugee camps, including Bhasan Char, 865 suspected and 105 confirmed cases have been reported, with five deaths recorded to date.",five deaths,,camp_deaths,,camps including Bhasan Char,,,cumulative,To date; sitrep published 25 June
event,319256,5,"In Cox’s Bazar, UNICEF supported the establishment of a 20-bed measles isolation ward at Cox’s Bazar District Sadar Hospital and provided 12 support staff, medicines, furniture and essential supplies.",,,,facility_opened,Cox’s Bazar District Sadar Hospital,"Measles isolation ward, Cox’s Bazar District Sadar Hospital",,,Host district hospital; no date in quote
figure,319256,5,"In Cox’s Bazar, UNICEF supported the establishment of a 20-bed measles isolation ward at Cox’s Bazar District Sadar Hospital and provided 12 support staff, medicines, furniture and essential supplies.",20-bed,,camp_isolation_beds,,Cox’s Bazar District Sadar Hospital,,,point,"Host district hospital, not in a camp"
figure,bangladesh-humanitarian-situation-report-no-1measles-outbreak-8-april-2026,1,There are eight laboratory confirmed measles cases in Rohingya camps – seven in Cox’s Bazar and one in Bhasan Char.,eight laboratory,,camp_confirmed_cases,,camps,,,cumulative,No date in quote; report published 8 April
figure,bangladesh-humanitarian-situation-report-no-1measles-outbreak-8-april-2026,1,There are eight laboratory confirmed measles cases in Rohingya camps – seven in Cox’s Bazar and one in Bhasan Char.,seven in Cox’s Bazar,,camp_confirmed_cases,,Cox’s Bazar camps,,,cumulative,No date in quote; report published 8 April
figure,bangladesh-humanitarian-situation-report-no-1measles-outbreak-8-april-2026,1,There are eight laboratory confirmed measles cases in Rohingya camps – seven in Cox’s Bazar and one in Bhasan Char.,one in Bhasan Char,,camp_confirmed_cases,,Bhasan Char,,,cumulative,No date in quote; report published 8 April
figure,bangladesh-humanitarian-situation-report-no-1measles-outbreak-8-april-2026,1,There are total of 70 suspected measles cases in the Rohingya camps in Cox’s Bazar and six in Bhasan Char.,70 suspected,,camp_suspected_cases,,Cox’s Bazar camps,,,cumulative,No date in quote; report published 8 April
figure,bangladesh-humanitarian-situation-report-no-1measles-outbreak-8-april-2026,1,There are total of 70 suspected measles cases in the Rohingya camps in Cox’s Bazar and six in Bhasan Char.,six in Bhasan Char,,camp_suspected_cases,,Bhasan Char,,,cumulative,No date in quote; report published 8 April
figure,bangladesh-humanitarian-situation-report-no-1measles-outbreak-8-april-2026,2,"In Cox’s Bazar District Hospital, an eight-bed isolation unit is managing 30–40 children at a time, with similar constraints across other facilities and limited access to intensive care.",eight-bed,,camp_isolation_beds,,Cox’s Bazar District Hospital,,,point,"Host district hospital, not in a camp"
figure,bangladesh-humanitarian-situation-report-no-75-mid-year-30-june-2026,2,"In the Rohingya camps, the emergency Measles and Rubella vaccination campaign reached 67,000 children aged 6-59 months, with post-campaign monitoring confirming 96 per cent coverage.","67,000 children",,camp_campaign_vaccinated,,camps,,,cumulative,Differs from Health Sector figure; may be the UNICEF-supported share
figure,bangladesh-humanitarian-situation-report-no-75-mid-year-30-june-2026,2,"In the Rohingya camps, the emergency Measles and Rubella vaccination campaign reached 67,000 children aged 6-59 months, with post-campaign monitoring confirming 96 per cent coverage.",96 per cent,,camp_rcm_coverage_pct,,camps,,,point,
figure,bangladesh-humanitarian-situation-report-no-75-mid-year-30-june-2026,2,"In the surrounding host communities, UNICEF supported district authorities to expand the Outbreak Response Immunization campaign to all upazilas in Cox’s Bazar district, vaccinating 458,600 children.","458,600 children",,host_campaign_vaccinated,,Cox’s Bazar host communities,,,cumulative,"Host communities, not camps"
event,bangladesh-humanitarian-situation-report-no-75-mid-year-30-june-2026,2,"UNICEF also supported measles case management by establishing a 20-bed measles isolation and treatment ward at Cox's Bazar District Hospital, providing essential medicines, equipment and operational surge support.",,,,facility_opened,Cox's Bazar District Hospital,"Measles isolation and treatment ward, Cox's Bazar District Hospital",,,Host district hospital; same ward as UN RCO Sitrep 5?
event,bangladesh-humanitarian-situation-report-no-75-mid-year-30-june-2026,3,UNICEF also supported the Health Sector to assess additional facilities for measles isolation and treatment centres in the camps.,,,,other,camps,"UNICEF, Health Sector",,,Assessment of additional isolation facilities; no date in quote
figure,2026_13_searo_epi_bulletin,3,A measles-rubella (MR) vaccination campaign combined with vitamin A supplementation has reached 94% of in Cox’s Bazar camps and 99% coverage in Bhasan Char.,94% of,,camp_campaign_coverage_pct,,Cox’s Bazar camps,,,cumulative,Cites UN RCO
figure,2026_13_searo_epi_bulletin,3,A measles-rubella (MR) vaccination campaign combined with vitamin A supplementation has reached 94% of in Cox’s Bazar camps and 99% coverage in Bhasan Char.,99% coverage,,camp_campaign_coverage_pct,,Bhasan Char,,,cumulative,Cites UN RCO
needs_manual,W36-2026,20,"Figure 4 | Trend in number of suspected cases over time (W38 2017 - W36 2026): weekly suspected measles/rubella cases, Cox's Bazar camps",,,,,camps,,,,"Primary: weekly camp epicurve. Chart only; read bar heights per week from the PDF, or ask WHO for the table"
needs_manual,W36-2026,21,"Map 2 | Map of cases by camp (W36 2026), with % by sex and age",,,,,camps,,,,"Cases by camp for one week, binned legend"
needs_manual,Health-Sector-Coxs-Bazar-monthly-Bulletin-April-2026,2,Figure 1 or 2: Top Morbidity Reported in DHIS-2 (month),,,,,camps,,,,Low priority: check whether measles appears among top morbidity in the month
needs_manual,Health-Sector-Coxs-Bazar-monthly-Bulletin-May-2026,2,Figure 1 or 2: Top Morbidity Reported in DHIS-2 (month),,,,,camps,,,,Low priority: check whether measles appears among top morbidity in the month
needs_manual,Health-Sector-Coxs-Bazar-monthly-Bulletin-June-2026,2,Figure 1 or 2: Top Morbidity Reported in DHIS-2 (month),,,,,camps,,,,Low priority: check whether measles appears among top morbidity in the month
needs_manual,Health-Sector-Coxs-Bazar-monthly-Bulletin-July-2026,2,Figure 1 or 2: Top Morbidity Reported in DHIS-2 (month),,,,,camps,,,,Low priority: check whether measles appears among top morbidity in the month
