doc_id,page,table,indicator,event,value_text,date_text,quote,reason
Health-Sector-Coxs-Bazar-monthly-Bulletin-April-2026,5,figure,camp_suspected_cases,,163 suspected,,"In April 2026, a total of 163 suspected measles cases were reported from Ukhia and Teknaf, and 52 became lab positive.",already extracted as a834cc8054a3
Health-Sector-Coxs-Bazar-monthly-Bulletin-April-2026,5,figure,camp_confirmed_cases,,52 became,,"In April 2026, a total of 163 suspected measles cases were reported from Ukhia and Teknaf, and 52 became lab positive.",already extracted as 5ecaa21bf178
Health-Sector-Coxs-Bazar-monthly-Bulletin-April-2026,7,figure,camp_suspected_cases,,461 suspected,,"As of 29 April 2026, 461 suspected measles cases and two (2) related deaths have been reported in the camps, with samples submitted for testing at the National Polio and Measles Laboratory in Dhaka.",already extracted as 5ed16c063e8f
Health-Sector-Coxs-Bazar-monthly-Bulletin-April-2026,7,figure,camp_deaths,,two (2) related,,"As of 29 April 2026, 461 suspected measles cases and two (2) related deaths have been reported in the camps, with samples submitted for testing at the National Polio and Measles Laboratory in Dhaka.",already extracted as 2d3a06ec53df
Health-Sector-Coxs-Bazar-monthly-Bulletin-April-2026,7,figure,camp_confirmed_cases,,40 laboratory-confirmed,,"Out of 134 lab reports received, 40 laboratory-confirmed cases were found, of which 33 were in twelve camps in Ukhia (Camps 1E, 2E, 3, 5, 7, 9, 10, 15, 16, 17, 18, 20), seven cases in five camps of Teknaf (Camps 21, 22, 24, 26 & 27), and one in Bhasan Char (cluster 60).",already extracted as 6c09ad46aa15
Health-Sector-Coxs-Bazar-monthly-Bulletin-May-2026,5,figure,camp_suspected_cases,,50 suspected,,"In May 2026, a total of 50 suspected measles cases were reported from Ukhia and Teknaf, and all became lab positive.",already extracted as 65f954762bb8
Health-Sector-Coxs-Bazar-monthly-Bulletin-June-2026,5,figure,camp_suspected_cases,,142 suspected,,"In June 2026, a total of 142 suspected measles cases were reported from Ukhia and Teknaf, and four cases became lab positive while 138 were epidemiologically linked.",already extracted as 1ebdb48ba42f
Health-Sector-Coxs-Bazar-monthly-Bulletin-June-2026,5,figure,camp_confirmed_cases,,four cases,,"In June 2026, a total of 142 suspected measles cases were reported from Ukhia and Teknaf, and four cases became lab positive while 138 were epidemiologically linked.",already extracted as be8d1ae323d4
Health-Sector-Coxs-Bazar-monthly-Bulletin-June-2026,5,figure,camp_epilinked_cases,,138 were,,"In June 2026, a total of 142 suspected measles cases were reported from Ukhia and Teknaf, and four cases became lab positive while 138 were epidemiologically linked.",already extracted as 69753d0df27b
Health-Sector-Coxs-Bazar-monthly-Bulletin-June-2026,5,figure,camp_confirmed_cases,,129 lab-confirmed,,"The total number of measles cases now stands at 129 lab-confirmed cases, 578 epidemiologically linked cases, and five (5) suspected measles deaths ( CFR-0.6%) as of 2 July 2026.",already extracted as c7d400ca68d1
Health-Sector-Coxs-Bazar-monthly-Bulletin-June-2026,5,figure,camp_epilinked_cases,,578 epidemiologically,,"The total number of measles cases now stands at 129 lab-confirmed cases, 578 epidemiologically linked cases, and five (5) suspected measles deaths ( CFR-0.6%) as of 2 July 2026.",already extracted as 88faf47016b0
Health-Sector-Coxs-Bazar-monthly-Bulletin-June-2026,5,figure,camp_deaths,,five (5) suspected,,"The total number of measles cases now stands at 129 lab-confirmed cases, 578 epidemiologically linked cases, and five (5) suspected measles deaths ( CFR-0.6%) as of 2 July 2026.",already extracted as e6f38e1b757b
Health-Sector-Coxs-Bazar-monthly-Bulletin-July-2026,5,figure,camp_suspected_cases,,"1,824 suspected",,"As of July, a total of 1,824 suspected measles cases had been reported in 2026. Of these, 284 were laboratory-confirmed, and 970 were epidemiologically linked, bringing the total number of outbreak-related measles cases to 1,254.",already extracted as 33f39ae0606c
Health-Sector-Coxs-Bazar-monthly-Bulletin-July-2026,5,figure,camp_confirmed_cases,,284 were,,"As of July, a total of 1,824 suspected measles cases had been reported in 2026. Of these, 284 were laboratory-confirmed, and 970 were epidemiologically linked, bringing the total number of outbreak-related measles cases to 1,254.",already extracted as 3eeff1e2d55c
Health-Sector-Coxs-Bazar-monthly-Bulletin-July-2026,5,figure,camp_epilinked_cases,,970 were,,"As of July, a total of 1,824 suspected measles cases had been reported in 2026. Of these, 284 were laboratory-confirmed, and 970 were epidemiologically linked, bringing the total number of outbreak-related measles cases to 1,254.",already extracted as bdbf8142ea24
Health-Sector-Coxs-Bazar-monthly-Bulletin-July-2026,5,figure,camp_total_cases,,"to 1,254",,"As of July, a total of 1,824 suspected measles cases had been reported in 2026. Of these, 284 were laboratory-confirmed, and 970 were epidemiologically linked, bringing the total number of outbreak-related measles cases to 1,254.",already extracted as ed0283770be5
Health-Sector-Coxs-Bazar-monthly-Bulletin-July-2026,5,figure,camp_deaths,,Ten (10),,"Ten (10) suspected measles deaths were reported, resulting in a case fatality rate (CFR) of 0.6%.",already extracted as 918ad74eefc4
Health-Sector-Coxs-Bazar-monthly-Bulletin-April-2026,2,needs_manual,,,,,Figure 1 or 2: Top Morbidity Reported in DHIS-2 (month). Low priority: check whether measles appears among top morbidity in the month,rejected on review 2026-10-03T00:17:23.676Z
Health-Sector-Coxs-Bazar-monthly-Bulletin-May-2026,2,needs_manual,,,,,Figure 1 or 2: Top Morbidity Reported in DHIS-2 (month). Low priority: check whether measles appears among top morbidity in the month,rejected on review 2026-10-03T13:47:48.706Z
Health-Sector-Coxs-Bazar-monthly-Bulletin-June-2026,2,needs_manual,,,,,Figure 1 or 2: Top Morbidity Reported in DHIS-2 (month). Low priority: check whether measles appears among top morbidity in the month,rejected on review 2026-10-03T13:47:49.495Z
Health-Sector-Coxs-Bazar-monthly-Bulletin-July-2026,2,needs_manual,,,,,Figure 1 or 2: Top Morbidity Reported in DHIS-2 (month). Low priority: check whether measles appears among top morbidity in the month,rejected on review 2026-10-03T13:47:50.076Z
