key,decision,reviewed_by,reviewed_at,note
5a54cd1d59f9,rejected,KS,2026-10-03T00:17:23.676Z,
a82726378302,confirmed,KS,2026-10-03T08:36:55.698Z,
7a85e395e523,confirmed,KS,2026-10-03T08:37:52.738Z,
d0ac55804caf,confirmed,KS,2026-10-03T08:38:07.960Z,
ac337afd0221,confirmed,KS,2026-10-03T08:38:25.199Z,
896a14ff279a,confirmed,KS,2026-10-03T08:38:31.212Z,
ewars-series,confirmed,KS,2026-10-03T13:38:29.155Z,
9e3c62e395c4,confirmed,KS,2026-10-03T13:38:58.073Z,
48df1c65ca7a,confirmed,KS,2026-10-03T13:39:03.807Z,
f7816cf8af52,confirmed,KS,2026-10-03T13:39:20.842Z,
d61ab3cc38b1,confirmed,KS,2026-10-03T13:39:22.937Z,
10b93ec345d1,confirmed,KS,2026-10-03T13:39:25.316Z,
b33ce3e9cfb0,confirmed,KS,2026-10-03T13:39:36.481Z,
28b8fa488179,confirmed,KS,2026-10-03T13:39:53.294Z,
2971278e282a,confirmed,KS,2026-10-03T13:39:55.957Z,
2dca3f670033,confirmed,KS,2026-10-03T13:40:05.556Z,
761e04912eba,confirmed,KS,2026-10-03T13:40:07.954Z,
ff337fe83daa,confirmed,KS,2026-10-03T13:40:41.547Z,As of 30 March 2026
22828c4db950,confirmed,KS,2026-10-03T13:40:46.947Z,
b804f1aa821c,confirmed,KS,2026-10-03T13:41:14.571Z,
9b3e5b53c45a,confirmed,KS,2026-10-03T13:41:20.596Z,
0b681e720467,confirmed,KS,2026-10-03T13:41:28.988Z,
56521ef1a420,confirmed,KS,2026-10-03T13:42:02.065Z,
e0b6c8a72f9c,confirmed,KS,2026-10-03T13:42:03.756Z,
70aa1b5039a0,confirmed,KS,2026-10-03T13:42:49.651Z,Epidemiological Week (EW)
2b7dbe0bf71f,confirmed,KS,2026-10-03T13:42:53.463Z,
22f5ff960516,confirmed,KS,2026-10-03T13:43:14.623Z,
2fc1ffd1e5ce,confirmed,KS,2026-10-03T13:43:37.833Z,75% of the laboratory-confirmed cases
3867a165fee6,confirmed,KS,2026-10-03T13:43:47.589Z,Among confirmed cases
e088c5947bb5,confirmed,KS,2026-10-03T13:43:58.531Z,Of confirmed cases
f90eec0ab362,confirmed,KS,2026-10-03T13:44:03.819Z,
68b1ac422e40,confirmed,KS,2026-10-03T13:44:05.910Z,
34b50e543a4f,confirmed,KS,2026-10-03T13:45:08.131Z,
457228f37b02,confirmed,KS,2026-10-03T13:45:41.774Z,suspected deaths to (lab-confirmed + epi-linked) cases
970dd18bfd61,confirmed,KS,2026-10-03T13:45:54.377Z,
ab1df67f8ca1,confirmed,KS,2026-10-03T13:46:18.603Z,
851b4da3fdc3,confirmed,KS,2026-10-03T13:46:34.133Z,
0bf3656d8a30,confirmed,KS,2026-10-03T13:46:41.245Z,
b6e56fe6d869,confirmed,KS,2026-10-03T13:46:44.371Z,
6a3c9bd6d996,confirmed,KS,2026-10-03T13:46:47.847Z,
7dcd2c251867,confirmed,KS,2026-10-03T13:46:52.944Z,
37821d77e6cd,confirmed,KS,2026-10-03T13:46:56.550Z,
89fce78b0c17,unsure,KS,2026-10-03T13:47:17.964Z,not relevant
13efea6315b0,confirmed,KS,2026-10-03T13:47:26.847Z,
8ecfeb75188c,rejected,KS,2026-10-03T13:47:48.706Z,
a4075f85b1e0,rejected,KS,2026-10-03T13:47:49.495Z,
34ac5753a873,rejected,KS,2026-10-03T13:47:50.076Z,
b0831b39317d,unsure,KS,2026-10-03T13:48:18.907Z,
