source,doc_id,page,series,epi_year,epi_week,week_start,week_end,value,bar_pixels,gridline_reading,bar_x,bar_top,bar_bottom,date_offset_days,confirmed_by,review_note
rohingya_ewars,W36-2026,20,Total suspected measles/rubella cases - Cox's Bazar,2024,52,2024-12-22,2024-12-28,1,1,0.70,62.04,452.92,453.52,0.31,,
rohingya_ewars,W36-2026,20,Total suspected measles/rubella cases - Cox's Bazar,2025,1,2024-12-29,2025-01-04,11,16,11.19,70.47,443.89,453.52,0.31,,
rohingya_ewars,W36-2026,20,Total suspected measles/rubella cases - Cox's Bazar,2025,2,2025-01-05,2025-01-11,7,10,7.00,78.30,447.50,453.52,0.31,,
rohingya_ewars,W36-2026,20,Total suspected measles/rubella cases - Cox's Bazar,2025,3,2025-01-12,2025-01-18,5,7,4.90,86.73,449.31,453.52,0.31,,
rohingya_ewars,W36-2026,20,Total suspected measles/rubella cases - Cox's Bazar,2025,4,2025-01-19,2025-01-25,11,16,11.19,95.16,443.89,453.52,0.31,,
rohingya_ewars,W36-2026,20,Total suspected measles/rubella cases - Cox's Bazar,2025,5,2025-01-26,2025-02-01,6,9,6.30,103.59,448.10,453.52,0.31,,
rohingya_ewars,W36-2026,20,Total suspected measles/rubella cases - Cox's Bazar,2025,6,2025-02-02,2025-02-08,15,21,14.69,111.42,440.88,453.52,0.31,,
rohingya_ewars,W36-2026,20,Total suspected measles/rubella cases - Cox's Bazar,2025,7,2025-02-09,2025-02-15,11,16,11.19,119.86,443.89,453.52,0.31,,
rohingya_ewars,W36-2026,20,Total suspected measles/rubella cases - Cox's Bazar,2025,8,2025-02-16,2025-02-22,8,11,7.70,128.29,446.90,453.52,0.31,,
rohingya_ewars,W36-2026,20,Total suspected measles/rubella cases - Cox's Bazar,2025,9,2025-02-23,2025-03-01,11,16,11.19,136.12,443.89,453.52,0.31,,
rohingya_ewars,W36-2026,20,Total suspected measles/rubella cases - Cox's Bazar,2025,10,2025-03-02,2025-03-08,9,13,9.10,144.55,445.69,453.52,0.31,,
rohingya_ewars,W36-2026,20,Total suspected measles/rubella cases - Cox's Bazar,2025,11,2025-03-09,2025-03-15,9,13,9.10,152.98,445.69,453.52,0.31,,
rohingya_ewars,W36-2026,20,Total suspected measles/rubella cases - Cox's Bazar,2025,12,2025-03-16,2025-03-22,9,13,9.10,160.81,445.69,453.52,0.31,,
rohingya_ewars,W36-2026,20,Total suspected measles/rubella cases - Cox's Bazar,2025,13,2025-03-23,2025-03-29,9,13,9.10,169.24,445.69,453.52,0.31,,
rohingya_ewars,W36-2026,20,Total suspected measles/rubella cases - Cox's Bazar,2025,14,2025-03-30,2025-04-05,6,9,6.30,177.68,448.10,453.52,0.31,,
rohingya_ewars,W36-2026,20,Total suspected measles/rubella cases - Cox's Bazar,2025,15,2025-04-06,2025-04-12,10,14,9.79,185.50,445.09,453.52,0.31,,
rohingya_ewars,W36-2026,20,Total suspected measles/rubella cases - Cox's Bazar,2025,16,2025-04-13,2025-04-19,11,16,11.19,193.94,443.89,453.52,0.31,,
rohingya_ewars,W36-2026,20,Total suspected measles/rubella cases - Cox's Bazar,2025,17,2025-04-20,2025-04-26,16,23,16.09,202.37,439.67,453.52,0.31,,
rohingya_ewars,W36-2026,20,Total suspected measles/rubella cases - Cox's Bazar,2025,18,2025-04-27,2025-05-03,50,71,49.67,210.20,410.76,453.52,0.32,,
rohingya_ewars,W36-2026,20,Total suspected measles/rubella cases - Cox's Bazar,2025,19,2025-05-04,2025-05-10,27,39,27.29,218.63,430.03,453.52,0.32,,
rohingya_ewars,W36-2026,20,Total suspected measles/rubella cases - Cox's Bazar,2025,20,2025-05-11,2025-05-17,34,49,34.28,227.06,424.01,453.52,0.32,,
rohingya_ewars,W36-2026,20,Total suspected measles/rubella cases - Cox's Bazar,2025,21,2025-05-18,2025-05-24,26,37,25.89,234.89,431.24,453.52,0.32,,
rohingya_ewars,W36-2026,20,Total suspected measles/rubella cases - Cox's Bazar,2025,22,2025-05-25,2025-05-31,49,70,48.97,243.32,411.36,453.52,0.32,,
rohingya_ewars,W36-2026,20,Total suspected measles/rubella cases - Cox's Bazar,2025,23,2025-06-01,2025-06-07,46,66,46.18,251.76,413.77,453.52,0.32,,
rohingya_ewars,W36-2026,20,Total suspected measles/rubella cases - Cox's Bazar,2025,24,2025-06-08,2025-06-14,60,86,60.17,260.19,401.73,453.52,0.32,,
rohingya_ewars,W36-2026,20,Total suspected measles/rubella cases - Cox's Bazar,2025,25,2025-06-15,2025-06-21,48,69,48.27,268.02,411.97,453.52,0.32,,
rohingya_ewars,W36-2026,20,Total suspected measles/rubella cases - Cox's Bazar,2025,26,2025-06-22,2025-06-28,42,60,41.98,276.45,417.39,453.52,0.32,,
rohingya_ewars,W36-2026,20,Total suspected measles/rubella cases - Cox's Bazar,2025,27,2025-06-29,2025-07-05,40,57,39.88,284.88,419.19,453.52,0.32,,
rohingya_ewars,W36-2026,20,Total suspected measles/rubella cases - Cox's Bazar,2025,28,2025-07-06,2025-07-12,25,36,25.19,292.71,431.84,453.52,0.32,,
rohingya_ewars,W36-2026,20,Total suspected measles/rubella cases - Cox's Bazar,2025,29,2025-07-13,2025-07-19,16,23,16.09,301.14,439.67,453.52,0.32,,
rohingya_ewars,W36-2026,20,Total suspected measles/rubella cases - Cox's Bazar,2025,30,2025-07-20,2025-07-26,20,29,20.29,309.58,436.06,453.52,0.32,,
rohingya_ewars,W36-2026,20,Total suspected measles/rubella cases - Cox's Bazar,2025,31,2025-07-27,2025-08-02,13,19,13.29,317.41,442.08,453.52,0.32,,
rohingya_ewars,W36-2026,20,Total suspected measles/rubella cases - Cox's Bazar,2025,32,2025-08-03,2025-08-09,12,17,11.89,325.84,443.28,453.52,0.32,,
rohingya_ewars,W36-2026,20,Total suspected measles/rubella cases - Cox's Bazar,2025,33,2025-08-10,2025-08-16,7,10,7.00,334.27,447.50,453.52,0.32,,
rohingya_ewars,W36-2026,20,Total suspected measles/rubella cases - Cox's Bazar,2025,34,2025-08-17,2025-08-23,4,6,4.20,342.10,449.91,453.52,0.32,,
rohingya_ewars,W36-2026,20,Total suspected measles/rubella cases - Cox's Bazar,2025,35,2025-08-24,2025-08-30,5,7,4.90,350.53,449.31,453.52,0.32,,
rohingya_ewars,W36-2026,20,Total suspected measles/rubella cases - Cox's Bazar,2025,36,2025-08-31,2025-09-06,9,13,9.10,358.96,445.69,453.52,0.32,,
rohingya_ewars,W36-2026,20,Total suspected measles/rubella cases - Cox's Bazar,2025,37,2025-09-07,2025-09-13,5,7,4.90,366.79,449.31,453.52,0.32,,
rohingya_ewars,W36-2026,20,Total suspected measles/rubella cases - Cox's Bazar,2025,38,2025-09-14,2025-09-20,6,9,6.30,375.23,448.10,453.52,0.32,,
rohingya_ewars,W36-2026,20,Total suspected measles/rubella cases - Cox's Bazar,2025,39,2025-09-21,2025-09-27,9,13,9.10,383.66,445.69,453.52,0.32,,
rohingya_ewars,W36-2026,20,Total suspected measles/rubella cases - Cox's Bazar,2025,40,2025-09-28,2025-10-04,7,10,7.00,391.49,447.50,453.52,0.32,,
rohingya_ewars,W36-2026,20,Total suspected measles/rubella cases - Cox's Bazar,2025,41,2025-10-05,2025-10-11,7,10,7.00,399.92,447.50,453.52,0.32,,
rohingya_ewars,W36-2026,20,Total suspected measles/rubella cases - Cox's Bazar,2025,42,2025-10-12,2025-10-18,5,7,4.90,408.35,449.31,453.52,0.32,,
rohingya_ewars,W36-2026,20,Total suspected measles/rubella cases - Cox's Bazar,2025,43,2025-10-19,2025-10-25,10,14,9.79,416.78,445.09,453.52,0.32,,
rohingya_ewars,W36-2026,20,Total suspected measles/rubella cases - Cox's Bazar,2025,44,2025-10-26,2025-11-01,6,9,6.30,424.61,448.10,453.52,0.32,,
rohingya_ewars,W36-2026,20,Total suspected measles/rubella cases - Cox's Bazar,2025,45,2025-11-02,2025-11-08,4,6,4.20,433.05,449.91,453.52,0.32,,
rohingya_ewars,W36-2026,20,Total suspected measles/rubella cases - Cox's Bazar,2025,46,2025-11-09,2025-11-15,1,1,0.70,441.48,452.92,453.52,0.32,,
rohingya_ewars,W36-2026,20,Total suspected measles/rubella cases - Cox's Bazar,2025,47,2025-11-16,2025-11-22,2,3,2.10,449.31,451.72,453.52,0.32,,
rohingya_ewars,W36-2026,20,Total suspected measles/rubella cases - Cox's Bazar,2025,48,2025-11-23,2025-11-29,9,13,9.10,457.74,445.69,453.52,0.32,,
rohingya_ewars,W36-2026,20,Total suspected measles/rubella cases - Cox's Bazar,2025,49,2025-11-30,2025-12-06,3,4,2.80,466.17,451.11,453.52,0.32,,
rohingya_ewars,W36-2026,20,Total suspected measles/rubella cases - Cox's Bazar,2025,50,2025-12-07,2025-12-13,6,9,6.30,474.00,448.10,453.52,0.32,,
rohingya_ewars,W36-2026,20,Total suspected measles/rubella cases - Cox's Bazar,2025,51,2025-12-14,2025-12-20,6,9,6.30,482.43,448.10,453.52,0.32,,
rohingya_ewars,W36-2026,20,Total suspected measles/rubella cases - Cox's Bazar,2025,52,2025-12-21,2025-12-27,3,4,2.80,490.87,451.11,453.52,0.32,,
rohingya_ewars,W36-2026,20,Total suspected measles/rubella cases - Cox's Bazar,2025,53,2025-12-28,2026-01-03,5,7,4.90,498.70,449.31,453.52,0.32,,
rohingya_ewars,W36-2026,20,Total suspected measles/rubella cases - Cox's Bazar,2026,1,2026-01-04,2026-01-10,1,1,0.70,507.13,452.92,453.52,0.32,,
rohingya_ewars,W36-2026,20,Total suspected measles/rubella cases - Cox's Bazar,2026,2,2026-01-11,2026-01-17,5,7,4.90,515.56,449.31,453.52,0.32,,
rohingya_ewars,W36-2026,20,Total suspected measles/rubella cases - Cox's Bazar,2026,3,2026-01-18,2026-01-24,5,7,4.90,523.39,449.31,453.52,0.32,,
rohingya_ewars,W36-2026,20,Total suspected measles/rubella cases - Cox's Bazar,2026,4,2026-01-25,2026-01-31,4,6,4.20,531.82,449.91,453.52,0.32,,
rohingya_ewars,W36-2026,20,Total suspected measles/rubella cases - Cox's Bazar,2026,5,2026-02-01,2026-02-07,6,9,6.30,540.25,448.10,453.52,0.32,,
rohingya_ewars,W36-2026,20,Total suspected measles/rubella cases - Cox's Bazar,2026,6,2026-02-08,2026-02-14,5,7,4.90,548.69,449.31,453.52,0.32,,
rohingya_ewars,W36-2026,20,Total suspected measles/rubella cases - Cox's Bazar,2026,7,2026-02-15,2026-02-21,13,19,13.29,556.51,442.08,453.52,0.32,,
rohingya_ewars,W36-2026,20,Total suspected measles/rubella cases - Cox's Bazar,2026,8,2026-02-22,2026-02-28,3,4,2.80,564.95,451.11,453.52,0.32,,
rohingya_ewars,W36-2026,20,Total suspected measles/rubella cases - Cox's Bazar,2026,9,2026-03-01,2026-03-07,15,21,14.69,573.38,440.88,453.52,0.32,,
rohingya_ewars,W36-2026,20,Total suspected measles/rubella cases - Cox's Bazar,2026,10,2026-03-08,2026-03-14,13,19,13.29,581.21,442.08,453.52,0.32,,
rohingya_ewars,W36-2026,20,Total suspected measles/rubella cases - Cox's Bazar,2026,11,2026-03-15,2026-03-21,6,9,6.30,589.64,448.10,453.52,0.32,,
rohingya_ewars,W36-2026,20,Total suspected measles/rubella cases - Cox's Bazar,2026,12,2026-03-22,2026-03-28,17,24,16.79,598.07,439.07,453.52,0.32,,
rohingya_ewars,W36-2026,20,Total suspected measles/rubella cases - Cox's Bazar,2026,13,2026-03-29,2026-04-04,101,144,100.75,605.90,366.79,453.52,0.32,,
rohingya_ewars,W36-2026,20,Total suspected measles/rubella cases - Cox's Bazar,2026,14,2026-04-05,2026-04-11,146,208,145.52,614.33,328.25,453.52,0.32,,
rohingya_ewars,W36-2026,20,Total suspected measles/rubella cases - Cox's Bazar,2026,15,2026-04-12,2026-04-18,131,187,130.83,622.77,340.90,453.52,0.32,,
rohingya_ewars,W36-2026,20,Total suspected measles/rubella cases - Cox's Bazar,2026,16,2026-04-19,2026-04-25,201,287,200.79,630.60,280.67,453.52,0.32,,
rohingya_ewars,W36-2026,20,Total suspected measles/rubella cases - Cox's Bazar,2026,17,2026-04-26,2026-05-02,217,310,216.88,639.03,266.81,453.52,0.32,,
rohingya_ewars,W36-2026,20,Total suspected measles/rubella cases - Cox's Bazar,2026,18,2026-05-03,2026-05-09,242,345,241.37,647.46,245.73,453.52,0.32,,
rohingya_ewars,W36-2026,20,Total suspected measles/rubella cases - Cox's Bazar,2026,19,2026-05-10,2026-05-16,278,397,277.75,655.29,214.41,453.52,0.32,,
rohingya_ewars,W36-2026,20,Total suspected measles/rubella cases - Cox's Bazar,2026,20,2026-05-17,2026-05-23,342,488,341.42,663.72,159.61,453.52,0.32,,
rohingya_ewars,W36-2026,20,Total suspected measles/rubella cases - Cox's Bazar,2026,21,2026-05-24,2026-05-30,215,307,214.78,672.15,268.62,453.52,0.32,,
rohingya_ewars,W36-2026,20,Total suspected measles/rubella cases - Cox's Bazar,2026,22,2026-05-31,2026-06-06,271,387,270.75,679.98,220.44,453.52,0.32,,
rohingya_ewars,W36-2026,20,Total suspected measles/rubella cases - Cox's Bazar,2026,23,2026-06-07,2026-06-13,247,353,246.97,688.42,240.92,453.52,0.32,,
rohingya_ewars,W36-2026,20,Total suspected measles/rubella cases - Cox's Bazar,2026,24,2026-06-14,2026-06-20,180,257,179.80,696.85,298.74,453.52,0.32,,
rohingya_ewars,W36-2026,20,Total suspected measles/rubella cases - Cox's Bazar,2026,25,2026-06-21,2026-06-27,172,246,172.11,705.28,305.36,453.52,0.32,,
rohingya_ewars,W36-2026,20,Total suspected measles/rubella cases - Cox's Bazar,2026,26,2026-06-28,2026-07-04,249,355,248.37,713.11,239.71,453.52,0.32,,
rohingya_ewars,W36-2026,20,Total suspected measles/rubella cases - Cox's Bazar,2026,27,2026-07-05,2026-07-11,164,234,163.71,721.54,312.59,453.52,0.32,,
rohingya_ewars,W36-2026,20,Total suspected measles/rubella cases - Cox's Bazar,2026,28,2026-07-12,2026-07-18,153,218,152.52,729.97,322.22,453.52,0.32,,
rohingya_ewars,W36-2026,20,Total suspected measles/rubella cases - Cox's Bazar,2026,29,2026-07-19,2026-07-25,140,200,139.92,737.80,333.07,453.52,0.32,,
rohingya_ewars,W36-2026,20,Total suspected measles/rubella cases - Cox's Bazar,2026,30,2026-07-26,2026-08-01,141,201,140.62,746.24,332.46,453.52,0.32,,
rohingya_ewars,W36-2026,20,Total suspected measles/rubella cases - Cox's Bazar,2026,31,2026-08-02,2026-08-08,155,221,154.62,754.67,320.42,453.52,0.32,,
rohingya_ewars,W36-2026,20,Total suspected measles/rubella cases - Cox's Bazar,2026,32,2026-08-09,2026-08-15,193,276,193.10,762.50,287.29,453.52,0.32,,
rohingya_ewars,W36-2026,20,Total suspected measles/rubella cases - Cox's Bazar,2026,33,2026-08-16,2026-08-22,157,224,156.72,770.93,318.61,453.52,0.32,,
rohingya_ewars,W36-2026,20,Total suspected measles/rubella cases - Cox's Bazar,2026,34,2026-08-23,2026-08-29,209,298,208.49,779.36,274.04,453.52,0.32,,
rohingya_ewars,W36-2026,20,Total suspected measles/rubella cases - Cox's Bazar,2026,35,2026-08-30,2026-09-05,187,267,186.80,787.19,292.71,453.52,0.32,,
rohingya_ewars,W36-2026,20,Total suspected measles/rubella cases - Cox's Bazar,2026,36,2026-09-06,2026-09-12,226,323,225.98,795.62,258.98,453.52,0.32,,
