id,source,doc_id,published_date,page,indicator,value,unit,denominator,geography,period_text,quote,quote_type,confirmed_by,review_note
4054fa5c09c3,unicef,bangladesh-humanitarian-situation-report-no-1measles-outbreak-8-april-2026,2026-04-08,1,cases_age_under5_pct,81,pct,,not stated,,"Young children are disproportionally affected, with children under five accounting for 81 per cent of cases, including 34 per cent among infants under nine months, who are not yet eligible for routine immunization and remain especially vulnerable. 81 per cent of cases are children under",sentence,KS,
e3fee1621dec,unicef,bangladesh-humanitarian-situation-report-no-1measles-outbreak-8-april-2026,2026-04-08,1,cases_age_under9m_pct,34,pct,,not stated,,"Young children are disproportionally affected, with children under five accounting for 81 per cent of cases, including 34 per cent among infants under nine months, who are not yet eligible for routine immunization and remain especially vulnerable. 81 per cent of cases are children under",sentence,KS,
84fac0ab3327,unicef,bangladesh-humanitarian-situation-report-no-1measles-outbreak-8-april-2026,2026-04-08,1,cases_partially_vaccinated_pct,16,pct,,not stated,,"Most cases are among unvaccinated or under-vaccinated children, with 72 five (WHO). per cent zero-dose and 16 per cent partially vaccinated, reflecting significant immunity gaps.",sentence,KS,72% zero-dose and 16% 1-dose
502cb32b7f5a,unicef,bangladesh-humanitarian-situation-report-no-1measles-outbreak-8-april-2026,2026-04-08,1,cases_age_under5_pct,81,pct,,not stated,As of 30 March 2026; March 2026,"As of 30 March 2026, children under five accounted for 81 per cent of cases, including 34 per cent among infants under nine months, who are not yet eligible for routine immunization and remain at particularly high risk.2",sentence,KS,
9a77795bdbed,unicef,bangladesh-humanitarian-situation-report-no-1measles-outbreak-8-april-2026,2026-04-08,1,cases_age_under9m_pct,34,pct,,not stated,As of 30 March 2026; March 2026,"As of 30 March 2026, children under five accounted for 81 per cent of cases, including 34 per cent among infants under nine months, who are not yet eligible for routine immunization and remain at particularly high risk.2",sentence,KS,
2c8e9ccd5d6d,unicef,bangladesh-humanitarian-situation-report-no-1measles-outbreak-8-april-2026,2026-04-08,1,cases_zero_dose_pct,72,pct,,not stated,,"Most cases are among unvaccinated or under-vaccinated children, with 72 five (WHO). per cent zero-dose and 16 per cent partially vaccinated, reflecting significant immunity gaps.",manual,KS,Entered by KS from the source; text layer garbled ('72 five (WHO). per cent zero-dose')
a3c85db692e7,un_rco,314522,2026-04-16,1,cases_age_under9m_pct,33,pct,,not stated,,"Infants under nine months, who are not yet eligible for routine immunisation, represent about 33 per cent of cases and remain at particularly high risk of severe outcomes.",sentence,KS,
6e2838d652e7,who_don,2026-DON598,2026-04-23,1,cases_age_under5_pct,79,pct,,not stated,,The majority (79%) of the reported cases are children aged under 5 years.,sentence,KS,
b94b8f5b6945,who_don,2026-DON598,2026-04-23,1,cases_age_under2_pct,66,pct,,not stated,,"Children aged under 5 years account for the majority of reported cases (79%), including children aged under 2 years (66%) and infants aged under 9 months (33%).",sentence,KS,
f5dc74fc7c49,who_don,2026-DON598,2026-04-23,1,cases_age_under9m_pct,33,pct,,not stated,,"Children aged under 5 years account for the majority of reported cases (79%), including children aged under 2 years (66%) and infants aged under 9 months (33%).",sentence,KS,
ddffb14b43ac,who_don,2026-DON598,2026-04-23,1,cases_age_under5_pct,79,pct,,not stated,,"Children aged under 5 years account for the majority of reported cases (79%), including children aged under 2 years (66%) and infants aged under 9 months (33%).",sentence,KS,
57929ea97a0f,who_don,2026-DON598,2026-04-23,1,cases_age_1_14y_pct,91,pct,,not stated,,"Most cases (91%) occurred among children aged 1 to 14 years, indicating substantial immunity gaps in this age group.",sentence,KS,
31bfbe2c45f3,un_rco,314356,2026-04-23,1,cases_age_under5_pct,80,pct,,not stated,,Children under five make up roughly 80 per cent of cases.,sentence,KS,
6ec3ce2221b7,un_rco,314356,2026-04-23,1,cases_age_under9m_pct,34,pct,,not stated,,"Infants aged under 9 months, who are not yet eligible for routine immunisation, represent around 34 per cent of cases and face a particularly high risk of severe outcomes.",sentence,KS,
8e570929713e,un_rco,314356,2026-04-23,1,cases_age_under9m_pct,37.5,pct,,not stated,,"Of the laboratory-confirmed cases, 75 per cent were among children under 5 years of age, including 37.5 per cent among infants aged under 9 months.",sentence,KS,lab-confirmed cases
8c41b1438015,un_rco,314356,2026-04-23,1,cases_age_under5_pct,75,pct,,not stated,,"Of the laboratory-confirmed cases, 75 per cent were among children under 5 years of age, including 37.5 per cent among infants aged under 9 months.",sentence,KS,lab-confirmed
c32f0fb57419,un_rco,315718,2026-05-07,1,cases_age_under5_pct,72,pct,,not stated,,"Children under five make up approximately 72 per cent of cases, slightly lower than in the last reporting period where the proportion was at 80 per cent.",sentence,KS,
b3bdcd1d4491,un_rco,315718,2026-05-07,1,cases_age_under9m_pct,28,pct,,not stated,,"Infants aged under 9 months, who are not yet eligible for routine immunisation, represent around 28 per cent of cases and face a particularly high risk of severe outcomes.",sentence,KS,
47f6764c1d56,un_rco,315984,2026-05-21,1,cases_age_under5_pct,81,pct,,Bangladesh,as of 20 May,"Bangladesh has reported 57,856 suspected measles cases and 8,067 confirmed cases across all 64 districts as of 20 May, with children under five accounting for 81 per cent of reported cases.",sentence,KS,reported cases
16d9edf6d300,un_rco,315984,2026-05-21,1,cases_age_under5_pct,81,pct,,not stated,,Children under five account for 81 per cent of reported cases.,sentence,KS,
95ed4173a404,un_rco,315984,2026-05-21,1,cases_age_under9m_pct,20,pct,,camps,,"Among confirmed cases in the camps, 63 per cent are children under five, including 20 per cent aged under nine months, who are not yet eligible for MR vaccination under the routine immunisation schedule.",sentence,,confirmed cases in camps only
0a231176bf59,un_rco,315984,2026-05-21,1,cases_age_under5_pct,63,pct,,camps,,"Among confirmed cases in the camps, 63 per cent are children under five, including 20 per cent aged under nine months, who are not yet eligible for MR vaccination under the routine immunisation schedule.",sentence,,confirmed cases in camps
f34d368b87ba,un_rco,319256,2026-06-25,1,cases_age_under5_pct,81,pct,,Bangladesh,as of 25 June,"Bangladesh has reported more than 95,760 suspected and 11,390 confirmed measles cases and 596 suspected and 93 confirmed deaths across all 64 districts as of 25 June, with children under five accounting for 81 per cent of reported cases.",sentence,KS,all reported
928b45e913c1,un_rco,319256,2026-06-25,1,cases_age_under5_pct,81,pct,,not stated,,Children under five account for 81 per cent of cases.,sentence,KS,
192a40976f47,unicef,bangladesh-humanitarian-situation-report-no-75-mid-year-30-june-2026,2026-06-30,1,cases_age_under5_pct,81,pct,,Bangladesh,,"Bangladesh had reported more than 100,000 suspected measles cases and 625 suspected deaths across all 64 districts, with children under five accounting for 81 per cent of cases.",sentence,KS,
5f1f2a8b4f55,unicef,bangladesh-humanitarian-situation-report-no-75-mid-year-30-june-2026,2026-06-30,2,cases_age_under5_pct,81,pct,,not stated,,Children under five account for 81 per cent of reported cases.,sentence,KS,
