source,doc_id,title,published_date,url,path,md5,pages,text_chars,fetched_at,note
who_don,2026-DON598,Measles - Bangladesh,2026-04-23,https://www.who.int/emergencies/disease-outbreak-news/item/2026-DON598,data/pdf/context/who_don/2026-DON598.md,66ad84d25b7fd54e97209fdbd611bb00,,14514,2026-09-29T22:57:09,
who_searo,2026_01_searo_epi_bulletin,"SEARO Epidemiological Bulletin 2026, edition 1",2026-01-14,https://cdn.who.int/media/docs/default-source/searo/whe/wherepib/2026_01_searo_epi_bulletin.pdf,data/pdf/context/who_searo/2026_01_searo_epi_bulletin.pdf,d6ec2aaf9fdb7de3eeb4d5896a80c04c,16,24956,2026-09-29T22:54:12,no measles/Bangladesh mention
who_searo,2026_02_searo_epi_bulletin,"SEARO Epidemiological Bulletin 2026, edition 2",2026-01-28,https://cdn.who.int/media/docs/default-source/searo/whe/wherepib/2026_02_searo_epi_bulletin.pdf,data/pdf/context/who_searo/2026_02_searo_epi_bulletin.pdf,ac505bb5b92c550853022c487f71f02b,16,24540,2026-09-29T22:54:13,no measles/Bangladesh mention
who_searo,2026_03_searo_epi_bulletin,"SEARO Epidemiological Bulletin 2026, edition 3",2026-02-11,https://cdn.who.int/media/docs/default-source/searo/whe/wherepib/2026_03_searo_epi_bulletin.pdf,data/pdf/context/who_searo/2026_03_searo_epi_bulletin.pdf,8b3e5fee30a0270258add7250adb1a79,17,28391,2026-09-29T22:54:13,no measles/Bangladesh mention
who_searo,2026_04_searo_epi_bulletin,"SEARO Epidemiological Bulletin 2026, edition 4",2026-02-25,https://cdn.who.int/media/docs/default-source/searo/whe/wherepib/2026_04_searo_epi_bulletin.pdf,data/pdf/context/who_searo/2026_04_searo_epi_bulletin.pdf,2e90d6564ed8561918196ea557848cf6,17,25512,2026-09-29T22:54:13,no measles/Bangladesh mention
who_searo,2026_05_searo_epi_bulletin,"SEARO Epidemiological Bulletin 2026, edition 5",2026-03-11,https://cdn.who.int/media/docs/default-source/searo/whe/wherepib/2026_05_searo_epi_bulletin.pdf,data/pdf/context/who_searo/2026_05_searo_epi_bulletin.pdf,5d6f1b6d57425d727b148846b8938ba1,16,22613,2026-09-29T22:54:14,no measles/Bangladesh mention
who_searo,2026_06_searo_epi_bulletin,"SEARO Epidemiological Bulletin 2026, edition 6",2026-03-25,https://cdn.who.int/media/docs/default-source/searo/whe/wherepib/2026_06_searo_epi_bulletin.pdf,data/pdf/context/who_searo/2026_06_searo_epi_bulletin.pdf,011f1af2dc4e0d14dd389652fdeb3291,16,25371,2026-09-29T22:54:14,no measles/Bangladesh mention
who_searo,2026_07_searo_epi_bulletin,"SEARO Epidemiological Bulletin 2026, edition 7",2026-04-08,https://cdn.who.int/media/docs/default-source/searo/whe/wherepib/2026_07_searo_epi_bulletin.pdf,data/pdf/context/who_searo/2026_07_searo_epi_bulletin.pdf,2854b26d5e003de3dad386acc4736c2d,17,25966,2026-09-29T22:54:14,mentions measles and Bangladesh
who_searo,2026_08_searo_epi_bulletin,"SEARO Epidemiological Bulletin 2026, edition 8",2026-04-22,https://cdn.who.int/media/docs/default-source/searo/whe/wherepib/2026_08_searo_epi_bulletin.pdf,data/pdf/context/who_searo/2026_08_searo_epi_bulletin.pdf,84a3f7242e62216c4280fd7ec593c142,19,28470,2026-09-29T22:54:15,mentions measles and Bangladesh
who_searo,2026_09_searo_epi_bulletin,"SEARO Epidemiological Bulletin 2026, edition 9",2026-05-05,https://cdn.who.int/media/docs/default-source/searo/whe/wherepib/2026_09_searo_epi_bulletin.pdf,data/pdf/context/who_searo/2026_09_searo_epi_bulletin.pdf,73d5c2be38b258b85d15502fde62b0c9,17,25820,2026-09-29T22:54:15,mentions measles and Bangladesh
who_searo,2026_10_searo_epi_bulletin,"SEARO Epidemiological Bulletin 2026, edition 10",2026-05-20,https://cdn.who.int/media/docs/default-source/searo/whe/wherepib/2026_10_searo_epi_bulletin.pdf,data/pdf/context/who_searo/2026_10_searo_epi_bulletin.pdf,3f4f3b47f035297bee56f749aeb506b0,15,21254,2026-09-29T22:54:16,mentions measles and Bangladesh
who_searo,2026_11_searo_epi_bulletin,"SEARO Epidemiological Bulletin 2026, edition 11",2026-06-03,https://cdn.who.int/media/docs/default-source/searo/whe/wherepib/2026_11_searo_epi_bulletin.pdf,data/pdf/context/who_searo/2026_11_searo_epi_bulletin.pdf,f98e600ee4fce0b5a0bd8c807d4f772d,16,24937,2026-09-29T22:54:16,mentions measles and Bangladesh
who_searo,2026_12_searo_epi_bulletin,"SEARO Epidemiological Bulletin 2026, edition 12",2026-06-17,https://cdn.who.int/media/docs/default-source/searo/whe/wherepib/2026_12_searo_epi_bulletin.pdf,data/pdf/context/who_searo/2026_12_searo_epi_bulletin.pdf,9dd643d0c0bece06033138fee0a6703f,17,25284,2026-09-29T22:54:17,mentions measles and Bangladesh
who_searo,2026_13_searo_epi_bulletin,"SEARO Epidemiological Bulletin 2026, edition 13",2026-07-01,https://cdn.who.int/media/docs/default-source/searo/whe/wherepib/2026_13_searo_epi_bulletin.pdf,data/pdf/context/who_searo/2026_13_searo_epi_bulletin.pdf,656c33e4b02211b04edb1ee07af2f044,16,24207,2026-09-29T22:54:17,mentions measles and Bangladesh
who_searo,2026_14_searo_epi_bulletin,"SEARO Epidemiological Bulletin 2026, edition 14",2026-07-15,https://cdn.who.int/media/docs/default-source/searo/whe/wherepib/2026_14_searo_epi_bulletin.pdf,data/pdf/context/who_searo/2026_14_searo_epi_bulletin.pdf,46f534f5e3d07ec55eb6f10e2470938e,14,22686,2026-09-29T22:54:17,mentions measles and Bangladesh
who_searo,2026_15_searo_epi_bulletin,"SEARO Epidemiological Bulletin 2026, edition 15",2026-07-29,https://cdn.who.int/media/docs/default-source/searo/whe/wherepib/2026_15_searo_epi_bulletin.pdf,data/pdf/context/who_searo/2026_15_searo_epi_bulletin.pdf,39da1d4206fbea7a69792c0de40cd80b,14,20317,2026-09-29T22:54:18,mentions measles and Bangladesh
who_searo,2026_16_searo_epi_bulletin,"SEARO Epidemiological Bulletin 2026, edition 16",2026-08-12,https://cdn.who.int/media/docs/default-source/searo/whe/wherepib/2026_16_searo_epi_bulletin.pdf,data/pdf/context/who_searo/2026_16_searo_epi_bulletin.pdf,bf20a9af4ed79205d2f385f5a1852696,15,22861,2026-09-29T22:54:18,no measles/Bangladesh mention
who_searo,2026_17_searo_epi_bulletin,"SEARO Epidemiological Bulletin 2026, edition 17",2026-08-26,https://cdn.who.int/media/docs/default-source/searo/whe/wherepib/2026_17_searo_epi_bulletin.pdf,data/pdf/context/who_searo/2026_17_searo_epi_bulletin.pdf,318be3c7cc07eeadead8dd109713450b,15,23086,2026-09-29T22:54:19,no measles/Bangladesh mention
who_searo,2026_18_searo_epi_bulletin,"SEARO Epidemiological Bulletin 2026, edition 18",2026-09-09,https://cdn.who.int/media/docs/default-source/searo/whe/wherepib/2026_18_searo_epi_bulletin.pdf,data/pdf/context/who_searo/2026_18_searo_epi_bulletin.pdf,d731324b09822a8cb8ed158b09eb0883,17,31247,2026-09-29T22:54:19,no measles/Bangladesh mention
who_searo,2026_19_searo_epi_bulletin,"SEARO Epidemiological Bulletin 2026, edition 19",2026-09-23,https://cdn.who.int/media/docs/default-source/searo/whe/wherepib/2026_19_searo_epi_bulletin.pdf,data/pdf/context/who_searo/2026_19_searo_epi_bulletin.pdf,3f9c83ccaa0c78273e620bffa2a170d1,16,28754,2026-09-29T22:54:19,no measles/Bangladesh mention
un_rco,319256,Bangladesh: Situation Report #5 - Measles Outbreak (25 June 2026),2026-06-25,https://bangladesh.un.org/en/319256-bangladesh-situation-report-5-measles-outbreak-25-june-2026,data/pdf/context/un_rco/319256.pdf,a5f26764bc89dd7bc50b585b9b9db368,5,14431,2026-09-29T22:54:25,
un_rco,315984,Bangladesh Measles Outbreak 2026: Situation Report #4,2026-05-21,https://bangladesh.un.org/en/315984-bangladesh-measles-outbreak-2026-situation-report-4,data/pdf/context/un_rco/315984.pdf,b155fc826e6d5546fd4b19e448b29e1d,7,20745,2026-09-29T22:54:27,
un_rco,315718,Bangladesh Measles Outbreak 2026: Situation Report #3,2026-05-07,https://bangladesh.un.org/en/315718-bangladesh-measles-outbreak-2026-situation-report-3,data/pdf/context/un_rco/315718.pdf,ab6a3350a02ee032dadab8f19f8b7f1d,6,21412,2026-09-29T22:54:30,
un_rco,314356,Bangladesh Measles Outbreak 2026: Situation Report# 2,2026-04-23,https://bangladesh.un.org/en/314356-bangladesh-measles-outbreak-2026-situation-report-2,data/pdf/context/un_rco/314356.pdf,6d6ba6e953808910c0fb2cffe4bea091,5,15349,2026-09-29T22:54:32,
un_rco,314522,Bangladesh Measles Outbreak 2026: Situation Report# 1,2026-04-16,https://bangladesh.un.org/en/314522-bangladesh-measles-outbreak-2026-situation-report-1,data/pdf/context/un_rco/314522.pdf,1faa7eb4d72b6e1813767ba90468b6ef,4,13261,2026-09-29T22:54:34,
unicef,bangladesh-humanitarian-situation-report-no-75-mid-year-30-june-2026,"Bangladesh Humanitarian Situation Report No. 75 (Mid-Year), 30 June 2026",2026-06-30,"https://www.unicef.org/media/183486/file/Bangladesh-Humanitarian-Situation-Report-No.75(Mid-Year),30-June-2026.pdf.pdf",data/pdf/context/unicef/bangladesh-humanitarian-situation-report-no-75-mid-year-30-june-2026.pdf,6e96a088315a6bb0ea3a1cf61b2d6b07,12,69017,2026-09-29T22:54:42,
unicef,bangladesh-humanitarian-situation-report-no-1measles-outbreak-8-april-2026,"Bangladesh Humanitarian Situation Report No. 1(Measles Outbreak), 8 April 2026",2026-04-08,https://www.unicef.org/media/179846/file/Bangladesh-Humanitarian-Situation-Report-No.1(Measles-Outbreak)-8-April-2026.pdf.pdf,data/pdf/context/unicef/bangladesh-humanitarian-situation-report-no-1measles-outbreak-8-april-2026.pdf,ead6338e3e363b3cbc6ff6387acc7123,5,23876,2026-09-29T22:54:43,
rohingya_health,Measles_SOP_v2.0_Rohingya_Camps-30042026,"Standard Operating Procedures (SOPs) for Clinical Management of Measles in Rohingya Refugee Camps, Cox’s Bazar (v2.0 | 29 April 2026)",2026-04-30,https://rohingyaresponse.org/wp-content/uploads/2026/04/Measles_SOP_v2.0_Rohingya_Camps-30042026.pdf,data/pdf/context/rohingya_health/Measles_SOP_v2.0_Rohingya_Camps-30042026.pdf,9b87a0b15a612a8a51ac3cd593024e3d,20,38696,2026-09-29T22:54:45,
rohingya_health,Health-Sector-Coxs-Bazar-monthly-Bulletin-July-2026,Health Sector Cox's Bazar Monthly Bulletin - July 2026,,https://rohingyaresponse.org/wp-content/uploads/2026/08/Health-Sector-Coxs-Bazar-monthly-Bulletin-July-2026.pdf,data/pdf/context/rohingya_health/Health-Sector-Coxs-Bazar-monthly-Bulletin-July-2026.pdf,ceed6d3c515f4de733f9085217065c6f,10,28970,2026-09-29T22:54:45,
rohingya_health,Health-Sector-Coxs-Bazar-monthly-Bulletin-June-2026,Health Sector Cox's Bazar Monthly Bulletin - June 2026,,https://rohingyaresponse.org/wp-content/uploads/2026/08/Health-Sector-Coxs-Bazar-monthly-Bulletin-June-2026.pdf,data/pdf/context/rohingya_health/Health-Sector-Coxs-Bazar-monthly-Bulletin-June-2026.pdf,8f1db35ee851df6f5722db646c00300f,10,32216,2026-09-29T22:54:45,
rohingya_health,Health-Sector-Coxs-Bazar-monthly-Bulletin-May-2026,Health Sector Cox's Bazar Monthly Bulletin - May 2026,,https://rohingyaresponse.org/wp-content/uploads/2026/07/Health-Sector-Coxs-Bazar-monthly-Bulletin-May-2026.pdf,data/pdf/context/rohingya_health/Health-Sector-Coxs-Bazar-monthly-Bulletin-May-2026.pdf,20699a3dcc0169ad9ef78d971911dad6,11,35958,2026-09-29T22:54:45,
rohingya_health,Health-Sector-Coxs-Bazar-monthly-Bulletin-April-2026,Health Sector Cox's Bazar Monthly Bulletin - April 2026,,https://rohingyaresponse.org/wp-content/uploads/2026/07/Health-Sector-Coxs-Bazar-monthly-Bulletin-April-2026.pdf,data/pdf/context/rohingya_health/Health-Sector-Coxs-Bazar-monthly-Bulletin-April-2026.pdf,01a210de1ff8ddc810bad1b22934b190,10,34104,2026-09-29T22:54:46,
rohingya_nutrition,Cox_sBazarGuideline-Updated-final1July2025,"CMAM: SC, OTP, TSFP, BSFP, NSEP enrolment/admission and exit/discharge criteria (updated: June 2025)",,https://rohingyaresponse.org/wp-content/uploads/2026/06/Cox_sBazarGuideline-Updated-final1July2025.pdf,data/pdf/context/rohingya_nutrition/Cox_sBazarGuideline-Updated-final1July2025.pdf,4199590ea6459b52746214410a9d8cbe,8,25043,2026-09-29T22:54:47,
rohingya_nutrition,Nutrition-Sector-Bulletin-Q1-2026,Nutrition Sector Quarterly Bulletin Q1 March 2026,,https://rohingyaresponse.org/wp-content/uploads/2026/06/Nutrition-Sector-Bulletin-Q1-2026.pdf,data/pdf/context/rohingya_nutrition/Nutrition-Sector-Bulletin-Q1-2026.pdf,e82013e9477afea0f1d18c51094751a5,5,22650,2026-09-29T22:54:47,
rohingya_nutrition,NS-Bulletin-_-Q4-2025-Final-1,Nutrition Sector Quarterly Bulletin Q4 December 2025,,https://rohingyaresponse.org/wp-content/uploads/2026/02/NS-Bulletin-_-Q4-2025-Final-1.pdf,data/pdf/context/rohingya_nutrition/NS-Bulletin-_-Q4-2025-Final-1.pdf,fcf2ad2f30df52a88957d6af85848b76,5,8918,2026-09-29T22:54:48,
rohingya_nutrition,NS_Bulletin-Q3_Final,Nutrition Sector Quarterly Bulletin Q3 September 2025,,https://rohingyaresponse.org/wp-content/uploads/2025/10/NS_Bulletin-Q3_Final.pdf,data/pdf/context/rohingya_nutrition/NS_Bulletin-Q3_Final.pdf,a28906d095fdc92491a57509407aeb74,6,18010,2026-09-29T22:54:48,
rohingya_nutrition,NS-Bulletin-2025-Q2_v2-Final,Nutrition Sector Quarterly Bulletin Q2 June 2025,,https://rohingyaresponse.org/wp-content/uploads/2025/07/NS-Bulletin-2025-Q2_v2-Final.pdf,data/pdf/context/rohingya_nutrition/NS-Bulletin-2025-Q2_v2-Final.pdf,88f77607a843a80bd28ec3a25fc7b182,6,33861,2026-09-29T22:54:49,
rohingya_nutrition,NS-Bulletin-2025-Q1_Final,Nutrition Sector Quarterly Bulletin Q1 March 2025,,https://rohingyaresponse.org/wp-content/uploads/2025/05/NS-Bulletin-2025-Q1_Final.pdf,data/pdf/context/rohingya_nutrition/NS-Bulletin-2025-Q1_Final.pdf,e2fe390ccaa2287748aad7b3a28ebcb9,4,22175,2026-09-29T22:54:49,
rohingya_nutrition,NS-Bulletin-2024-Q4_Final_v2,Nutrition Sector Quarterly Bulletin Q4 December 2024,,https://rohingyaresponse.org/wp-content/uploads/2025/02/NS-Bulletin-2024-Q4_Final_v2.pdf,data/pdf/context/rohingya_nutrition/NS-Bulletin-2024-Q4_Final_v2.pdf,10494f2619ae02fc72ef4c86f1eaf4ac,6,31031,2026-09-29T22:54:49,
rohingya_nutrition,NS_Coordination_Meeting_IM_Update_July_2026,IM update - January to July 2026,,https://rohingyaresponse.org/wp-content/uploads/2026/09/NS_Coordination_Meeting_IM_Update_July_2026.pdf,data/pdf/context/rohingya_nutrition/NS_Coordination_Meeting_IM_Update_July_2026.pdf,98d2e6ae6729aa20d84c9e3375a9fc08,24,32483,2026-09-29T22:54:50,
rohingya_nutrition,Summary_NS_Meeting_IM_Programme-Update_June_2026,IM update - January to June 2026,,https://rohingyaresponse.org/wp-content/uploads/2026/08/Summary_NS_Meeting_IM_Programme-Update_June_2026.pdf,data/pdf/context/rohingya_nutrition/Summary_NS_Meeting_IM_Programme-Update_June_2026.pdf,78b5787b511368cbf870ade35cc65e3c,13,17387,2026-09-29T22:54:50,
rohingya_nutrition,Summary_NS_Meeting_IM_Programme-Update_April-2026_Final,IM update - January to April 2026,,https://rohingyaresponse.org/wp-content/uploads/2026/06/Summary_NS_Meeting_IM_Programme-Update_April-2026_Final.pdf,data/pdf/context/rohingya_nutrition/Summary_NS_Meeting_IM_Programme-Update_April-2026_Final.pdf,dde75dc71a8a7af82c6e64f1bb8ba976,14,16731,2026-09-29T22:54:50,
rohingya_nutrition,Summary_NS_Meeting_IM_Programme-Update_March-2026_updated,IM update - January to March 2026,,https://rohingyaresponse.org/wp-content/uploads/2026/05/Summary_NS_Meeting_IM_Programme-Update_March-2026_updated.pdf,data/pdf/context/rohingya_nutrition/Summary_NS_Meeting_IM_Programme-Update_March-2026_updated.pdf,b7e06778703a027eeb6a4fce69d08ffb,13,15738,2026-09-29T22:54:51,
rohingya_nutrition,Summary_NS_Meeting_IM_Programme-Update_February-2026,IM Update - January to February 2026,,https://rohingyaresponse.org/wp-content/uploads/2026/04/Summary_NS_Meeting_IM_Programme-Update_February-2026.pdf,data/pdf/context/rohingya_nutrition/Summary_NS_Meeting_IM_Programme-Update_February-2026.pdf,b820b4eac960d74791319dc062bb8491,11,16063,2026-09-29T22:54:51,
rohingya_nutrition,IM_Updates-Janaury-to-December-2025,IM Update - January to December 2025,,https://rohingyaresponse.org/wp-content/uploads/2026/02/IM_Updates-Janaury-to-December-2025.pdf,data/pdf/context/rohingya_nutrition/IM_Updates-Janaury-to-December-2025.pdf,57650b9c7b4d5127c2dbbd339bb513c1,17,39167,2026-09-29T22:54:51,
rohingya_nutrition,LinkNCA_CXB_Executive_Summary_FV,"Link Nutrition Causal Analysis (L-NCA) Executive Summary Report 2025, Rohingya Camps, Cox’s Bazar, Bangladesh",,https://rohingyaresponse.org/wp-content/uploads/2026/01/LinkNCA_CXB_Executive_Summary_FV.pdf,data/pdf/context/rohingya_nutrition/LinkNCA_CXB_Executive_Summary_FV.pdf,22dec9879e96216be2ad5432ac6209ae,20,65684,2026-09-29T22:54:52,
rohingya_nutrition,LinkNCA_CXB_Final-report_FV,"Link Nutrition Causal Analysis (L-NCA) Final Report 2025, Rohingya Camps, Cox’s Bazar, Bangladesh",,https://rohingyaresponse.org/wp-content/uploads/2026/01/LinkNCA_CXB_Final-report_FV.pdf,data/pdf/context/rohingya_nutrition/LinkNCA_CXB_Final-report_FV.pdf,520090a38940af884d4eb647ac115202,140,600350,2026-09-29T22:54:53,
rohingya_nutrition,FINAL-REPORT-CXB-2023-SMART-SURVEY,"FINAL REPORT-SMART SURVEY, COX'S BAZAR HOST COMMUNITY 2023",,https://rohingyaresponse.org/wp-content/uploads/2026/02/FINAL-REPORT-CXB-2023-SMART-SURVEY.pdf,data/pdf/context/rohingya_nutrition/FINAL-REPORT-CXB-2023-SMART-SURVEY.pdf,e802ca0c366801434dd8ecd5f100cfeb,62,219796,2026-09-29T22:54:53,
rohingya_nutrition,EXECUT1,"FINAL EXECUTIVE SUMMARY REPORT-SMART SURVEY, COX'S BAZAR HOST COMMUNITY 2023",,https://rohingyaresponse.org/wp-content/uploads/2026/02/EXECUT1.pdf,data/pdf/context/rohingya_nutrition/EXECUT1.pdf,16591bab56d523318097da0bcb9b0f24,19,56136,2026-09-29T22:54:54,
rohingya_nutrition,SMARTS1,"FINAL PRELIMINARY PRESENTATION -SMART SURVEY, COX'S BAZAR HOST COMMUNITY 2023",,https://rohingyaresponse.org/wp-content/uploads/2026/02/SMARTS1.pdf,data/pdf/context/rohingya_nutrition/SMARTS1.pdf,c92330770ccea3d813809053c2609c8a,58,73706,2026-09-29T22:54:54,
rohingya_ewars,W36-2026,"Bangladesh Rohingya Response - Epidemiological Highlights, Weekly Annex & Bulletin- W36 2026.pdf",,https://drive.google.com/uc?export=download&id=1T5aOQCzAKh0QKUrC-rOv8w2teoPjnKDY,data/pdf/context/rohingya_ewars/W36-2026.pdf,682b8ad3ba91aea9445976ba03d774c7,29,52822,2026-09-29T22:54:57,drive modified Sep 16
