dataset,resource,licence,source_url,last_modified,path,md5,fetched_at
cod-ab-bgd,bgd_admin_boundaries.geojson.zip,Creative Commons Attribution for Intergovernmental Organisations (CC BY-IGO),https://data.humdata.org/dataset/401d3fae-4262-48c9-891f-461fd776d49b/resource/cec2abe3-d8b7-4025-9362-9f7e780f2a07/download/bgd_admin_boundaries.geojson.zip,2026-01-26T15:14:12.378717,data/raw/hdx/cod-ab-bgd/bgd_admin_boundaries.geojson.zip,1de37aeef4f72619bdeee5e51fb2d976,2026-10-02T16:48:25+0100
cod-ps-bgd,bgd_admpop_adm1_2022.csv,Creative Commons Attribution for Intergovernmental Organisations (CC BY-IGO),https://data.humdata.org/dataset/fdf0606c-8a3b-421a-b3e8-903301e5b2ff/resource/333171ff-5d91-4074-a7be-ca43e1dfb8a1/download/bgd_admpop_adm1_2022.csv,2023-01-11T17:52:52.629007,data/raw/hdx/cod-ps-bgd/bgd_admpop_adm1_2022.csv,afa7072f3042910a81873a86131f35dd,2026-10-02T16:48:29+0100
cod-ps-bgd,bgd_admpop_adm2_2022.csv,Creative Commons Attribution for Intergovernmental Organisations (CC BY-IGO),https://data.humdata.org/dataset/fdf0606c-8a3b-421a-b3e8-903301e5b2ff/resource/43bfa9fd-f571-4973-9f31-91093e1e6142/download/bgd_admpop_adm2_2022.csv,2023-01-11T17:52:54.656989,data/raw/hdx/cod-ps-bgd/bgd_admpop_adm2_2022.csv,140a41dea20b2be185d87698cc852139,2026-10-02T16:48:29+0100
dhs-subnational-data-for-bangladesh,Anthropometry Data for Bangladesh,Other,https://data.humdata.org/dataset/2fe6b80f-7453-4447-99f7-c38446aa28de/resource/d86c6b2c-8349-49e4-bf97-9d7a7ae1d578/download/anthropometry_subnational_bgd.csv,2026-07-31T00:03:25.311522,data/raw/hdx/dhs-subnational-data-for-bangladesh/Anthropometry-Data-for-Bangladesh.csv,7938f76ee95aacb776dc4e3bf9fa869f,2026-10-02T16:48:30+0100
dhs-subnational-data-for-bangladesh,Immunization Data for Bangladesh,Other,https://data.humdata.org/dataset/2fe6b80f-7453-4447-99f7-c38446aa28de/resource/bf142c66-852d-43d6-81e6-a8eb718e5014/download/immunization_subnational_bgd.csv,2026-07-31T00:03:25.313556,data/raw/hdx/dhs-subnational-data-for-bangladesh/Immunization-Data-for-Bangladesh.csv,b8e83a3e6b687f7fdc5dabbdde00f770,2026-10-02T16:48:30+0100
dhs-subnational-data-for-bangladesh,Micronutrients Data for Bangladesh,Other,https://data.humdata.org/dataset/2fe6b80f-7453-4447-99f7-c38446aa28de/resource/02120ab7-85ba-4057-86df-bbe325199c16/download/micronutrients_subnational_bgd.csv,2026-07-31T00:03:25.314544,data/raw/hdx/dhs-subnational-data-for-bangladesh/Micronutrients-Data-for-Bangladesh.csv,15b3610924f71d08844e2908dfefeb0f,2026-10-02T16:48:31+0100
who-data-for-bgd,Immunization coverage and vaccine-preventable diseases Indicators for Bangladesh,Other,https://data.humdata.org/dataset/1af78d61-946f-40ad-b1f1-072865f4ddd8/resource/2787b1b8-ecc4-4c00-a6b1-89bdf6978158/download/immunization_coverage_and_vaccine_preventable_diseases_indicators_bgd.csv,2026-08-14T15:23:40.959797,data/raw/hdx/who-data-for-bgd/Immunization-coverage-and-vaccine-preventable-diseases-Indicators-for-Bangladesh.csv,529f2f494f86b802a08d504fe57234ee,2026-10-02T16:48:31+0100
outline-of-camps-sites-of-rohingya-refugees-in-cox-s-bazar-bangladesh,20230412_A1_Camp_Outlines.zip,Public Domain / No restrictions (CC0),https://data.humdata.org/dataset/1a67eb3b-57d8-4062-b562-049ad62a85fd/resource/ace4b0a6-ef0f-46e4-a50a-8c552cfe7bf3/download/20230412_a1_camp_outlines.zip,2023-04-16T23:00:54.876293,data/raw/hdx/outline-of-camps-sites-of-rohingya-refugees-in-cox-s-bazar-bangladesh/20230412_A1_Camp_Outlines.zip,c5deb5581b34fd18332b576ea0b44414,2026-10-02T16:48:32+0100
unicef-nt-ant-whz-ne2,Weight-for-height <-2 SD (wasting) (CSV),Creative Commons Attribution for Intergovernmental Organisations (CC BY-IGO),"https://sdmx.data.unicef.org/ws/public/sdmxapi/rest/data/UNICEF,NUTRITION,1.0/.NT_ANT_WHZ_NE2......?format=csv",2026-07-22T08:44:08.650286,data/raw/hdx/unicef-nt-ant-whz-ne2/Weight-for-height-2-SD-wasting-CSV-.csv,a474f597eb2619693aed275e3a57613c,2026-10-02T16:48:32+0100
unicef-nt-ant-whz-ne3,Weight-for-height <-3 SD (severe wasting) (CSV),CC BY 3.0 IGO,"https://sdmx.data.unicef.org/ws/public/sdmxapi/rest/data/UNICEF,NUTRITION,1.0/.NT_ANT_WHZ_NE3......?format=csv",2026-07-22T08:44:08.650286,data/raw/hdx/unicef-nt-ant-whz-ne3/Weight-for-height-3-SD-severe-wasting-CSV-.csv,b60e1d2c5323393f4f4d94f35852ecfa,2026-10-02T16:48:32+0100
bangladesh-healthsites,bangladesh-healthsites-geojson,ODbL,https://data.humdata.org/dataset/ab89f238-af45-419e-94aa-f91ef0ce42d0/resource/13e83ce0-0d18-4563-8df2-cb8506f2fa11/download/bangladesh.geojson,2026-09-29T13:54:50.580344,data/raw/hdx/bangladesh-healthsites/bangladesh-healthsites-geojson.geojson,6771ebff28787b0cc360d26f7893777f,2026-10-02T16:48:35+0100
unhcr-population-data-for-bgd,Demographics and locations of forcibly displaced and stateless people residing in Bangladesh,Creative Commons Attribution for Intergovernmental Organisations (CC BY-IGO),https://data.humdata.org/dataset/352a4302-bc06-4823-804d-e49ba72db4c2/resource/34649115-3ef8-4c12-bc7e-b80b79d82764/download/demographics_residing_bgd.csv,2026-06-11T13:36:02.375333,data/raw/hdx/unhcr-population-data-for-bgd/Demographics-and-locations-of-forcibly-displaced-and-stateless-people-residing-in-Bangladesh.csv,2e9d91af0da4dcbd87ccffd30bc86a3b,2026-10-02T16:48:38+0100
