label_date,release_id,href,file_n,file_url,path,md5,pages,text_chars
2026-04-02,69ce523b868baf31c627e7cb,https://dghs.gov.bd/pages/press-releases/হাম-প্রেস-রিলিজ-০২০৪২০২৬-sliyex-69ce523b868baf31c627e7cb,1,https://objectstorage.ap-dcc-gazipur-1.oraclecloud15.com/n/axvjbnqprylg/b/V2Ministry/o/office-dghs/2026/3/a3f2ba79-8bd2-46fd-8313-cfcc6c084271.pdf,data/pdf/dghs/2026-04-02_69ce523b868baf31c627e7cb_1.pdf,7b33e1d016903460ba40aef1f89a4170,1,3402
2026-04-03,69cfa3eadae26458db686248,https://dghs.gov.bd/pages/press-releases/হাম-প্রেস-রিলিজ-০৩০৪২০২৬-z0qn3x-69cfa3eadae26458db686248,1,https://objectstorage.ap-dcc-gazipur-1.oraclecloud15.com/n/axvjbnqprylg/b/V2Ministry/o/office-dghs/2026/3/8dc97421-c797-415a-b6d3-3c437b2852c2.pdf,data/pdf/dghs/2026-04-03_69cfa3eadae26458db686248_1.pdf,fe4dfc92801a96e20f44217e7038c563,2,6491
2026-04-04,69d0ee336f69908fa2e1f28e,https://dghs.gov.bd/pages/press-releases/হাম-প্রেস-রিলিজ-০৪০৪২০২৬-77x0bm-69d0ee336f69908fa2e1f28e,1,https://objectstorage.ap-dcc-gazipur-1.oraclecloud15.com/n/axvjbnqprylg/b/V2Ministry/o/office-dghs/2026/3/895771df-04d0-4aeb-9f8f-2014156b776b.pdf,data/pdf/dghs/2026-04-04_69d0ee336f69908fa2e1f28e_1.pdf,195a7495f43bb9553f2df469578499fb,2,7971
2026-04-05,69d254a7d47e90032cfcef99,https://dghs.gov.bd/pages/press-releases/হাম-প্রেস-রিলিজ-০৫০৪২০২৬-vekgyu-69d254a7d47e90032cfcef99,1,https://objectstorage.ap-dcc-gazipur-1.oraclecloud15.com/n/axvjbnqprylg/b/V2Ministry/o/office-dghs/2026/3/9e2edce9-d7fc-48da-ae19-57a1a521c0e6.pdf,data/pdf/dghs/2026-04-05_69d254a7d47e90032cfcef99_1.pdf,f5ef5fbb43ec1ab1a73a094da63db205,2,7493
2026-04-06,69d3cbacd47e90032cfd665b,https://dghs.gov.bd/pages/press-releases/হাম-প্রেস-রিলিজ-০৬০৪২০২৬-g1cxa6-69d3cbacd47e90032cfd665b,1,https://objectstorage.ap-dcc-gazipur-1.oraclecloud15.com/n/axvjbnqprylg/b/V2Ministry/o/office-dghs/2026/3/edadc3d0-4ae3-4d54-b095-23465dde3561.pdf,data/pdf/dghs/2026-04-06_69d3cbacd47e90032cfd665b_1.pdf,08cc94c454de240a845dc8bc9ac04a9f,2,7997
2026-04-07,69d4d59371a8aedda5eb3d86,https://dghs.gov.bd/pages/press-releases/হাম-প্রেস-রিলিজ-০৭০৪২০২৬-xloxgg-69d4d59371a8aedda5eb3d86,1,https://objectstorage.ap-dcc-gazipur-1.oraclecloud15.com/n/axvjbnqprylg/b/V2Ministry/o/office-dghs/2026/3/53d218b6-39dc-471a-9908-37597d752f20.pdf,data/pdf/dghs/2026-04-07_69d4d59371a8aedda5eb3d86_1.pdf,9c43fe3c32007e5742622e9951f90b37,2,7532
2026-04-08,69d651502ddf64102bc5f7d8,https://dghs.gov.bd/pages/press-releases/হাম-প্রেস-রিলিজ-০৮০৪২০২৬-242iuq-69d651502ddf64102bc5f7d8,1,https://objectstorage.ap-dcc-gazipur-1.oraclecloud15.com/n/axvjbnqprylg/b/V2Ministry/o/office-dghs/2026/3/ca075965-256b-43c8-9b12-aeb35e7ca044.pdf,data/pdf/dghs/2026-04-08_69d651502ddf64102bc5f7d8_1.pdf,b9e1a0ce6b524f54c0dc66f6ad2b0ec0,2,7529
2026-04-09,69d7974d9d736d71f1a56320,https://dghs.gov.bd/pages/press-releases/হাম-প্রেস-রিলিজ-০৯০৪২০২৬-jcu9mm-69d7974d9d736d71f1a56320,1,https://objectstorage.ap-dcc-gazipur-1.oraclecloud15.com/n/axvjbnqprylg/b/V2Ministry/o/office-dghs/2026/3/851a956d-c2a6-45ce-9201-6905d467f634.pdf,data/pdf/dghs/2026-04-09_69d7974d9d736d71f1a56320_1.pdf,2b20c4e7a544b5db74dbd39970a8abb5,2,8189
2026-04-09,69d79774868baf31c62a0b9d,https://dghs.gov.bd/pages/press-releases/হাম-প্রেস-রিলিজ-০৯০৪২০২৬-yztis7-69d79774868baf31c62a0b9d,1,https://objectstorage.ap-dcc-gazipur-1.oraclecloud15.com/n/axvjbnqprylg/b/V2Ministry/o/office-dghs/2026/3/8fc33bdf-9ff5-4851-b52b-e56334295498.pdf,data/pdf/dghs/2026-04-09_69d79774868baf31c62a0b9d_1.pdf,4c5313060a1b132e6532e159ccb6e3e8,2,8127
2026-04-11,69da2ed16f69908fa2e407b6,https://dghs.gov.bd/pages/press-releases/হাম-প্রেস-রিলিজ-১১০৪২০২৬-wtw9kf-69da2ed16f69908fa2e407b6,1,https://objectstorage.ap-dcc-gazipur-1.oraclecloud15.com/n/axvjbnqprylg/b/V2Ministry/o/office-dghs/2026/3/051959af-648c-400c-84ec-2cb2adc35348.pdf,data/pdf/dghs/2026-04-11_69da2ed16f69908fa2e407b6_1.pdf,54d5fc88bedd586eaf48b2df8b61f7d9,2,7693
2026-04-12,69dcc3cf508fd61cddc9075e,https://dghs.gov.bd/pages/press-releases/হাম-প্রেস-রিলিজ-১২০৪২০২৬-6zqvnk-69dcc3cf508fd61cddc9075e,1,https://objectstorage.ap-dcc-gazipur-1.oraclecloud15.com/n/axvjbnqprylg/b/V2Ministry/o/office-dghs/2026/3/ed553882-fdf7-4222-ad7d-4abb1093d2ec.pdf,data/pdf/dghs/2026-04-12_69dcc3cf508fd61cddc9075e_1.pdf,711ddcf7ef48c35a95654b5a811293ba,2,7677
2026-04-13,69dcc40439d811754a66b2ed,https://dghs.gov.bd/pages/press-releases/হাম-প্রেস-রিলিজ-১৩০৪২০২৬-c9yall-69dcc40439d811754a66b2ed,1,https://objectstorage.ap-dcc-gazipur-1.oraclecloud15.com/n/axvjbnqprylg/b/V2Ministry/o/office-dghs/2026/3/d9d46c53-9bda-4466-8b9f-c144ca9ce3b6.pdf,data/pdf/dghs/2026-04-13_69dcc40439d811754a66b2ed_1.pdf,2b19900dedb8722a3092eda41b139f5c,2,7689
2026-04-14,69de05de91a6f56f1fa8bc90,https://dghs.gov.bd/pages/press-releases/হাম-প্রেস-রিলিজ-১৪০৪২০২৬-a8vbde-69de05de91a6f56f1fa8bc90,1,https://objectstorage.ap-dcc-gazipur-1.oraclecloud15.com/n/axvjbnqprylg/b/V2Ministry/o/office-dghs/2026/3/ebfabb0a-4596-4c58-b26a-b80c830eecf2.pdf,data/pdf/dghs/2026-04-14_69de05de91a6f56f1fa8bc90_1.pdf,98af9da499028a728dec96b25a06f3d9,2,7677
2026-04-15,69df625adb601f2f93b47a70,https://dghs.gov.bd/pages/press-releases/হাম-প্রেস-রিলিজ-১৫০৪২০২৬-wplb5t-69df625adb601f2f93b47a70,1,https://objectstorage.ap-dcc-gazipur-1.oraclecloud15.com/n/axvjbnqprylg/b/V2Ministry/o/office-dghs/2026/3/78804b73-cf2a-4880-a9ae-2d7161e13114.pdf,data/pdf/dghs/2026-04-15_69df625adb601f2f93b47a70_1.pdf,039c50bfda8bc0474b8f0e9acfa30627,2,7933
2026-04-16,69e0c931e3444b2e09d90ed7,https://dghs.gov.bd/pages/press-releases/হাম-প্রেস-রিলিজ-১৬০৪২০২৬-4owai9-69e0c931e3444b2e09d90ed7,1,https://objectstorage.ap-dcc-gazipur-1.oraclecloud15.com/n/axvjbnqprylg/b/V2Ministry/o/office-dghs/2026/3/501f51e4-f446-4044-ac5f-30644a9288f1.pdf,data/pdf/dghs/2026-04-16_69e0c931e3444b2e09d90ed7_1.pdf,c63356e814bcecb2f95ec54addb1f423,3,11300
2026-04-17,69e2097a2bea4766e9c91746,https://dghs.gov.bd/pages/press-releases/হাম-প্রেস-রিলিজ-১৭০৪২০২৬-gav9ve-69e2097a2bea4766e9c91746,1,https://objectstorage.ap-dcc-gazipur-1.oraclecloud15.com/n/axvjbnqprylg/b/V2Ministry/o/office-dghs/2026/3/009ad3ca-2655-4ab3-a779-2802ba9b860b.pdf,data/pdf/dghs/2026-04-17_69e2097a2bea4766e9c91746_1.pdf,73416df258e9b69c3e9850e5758b97c7,3,11682
2026-04-18,69e36b39e252a315b7e7474c,https://dghs.gov.bd/pages/press-releases/হাম-প্রেস-রিলিজ-১৮০৪২০২৬-hcr1q2-69e36b39e252a315b7e7474c,1,https://objectstorage.ap-dcc-gazipur-1.oraclecloud15.com/n/axvjbnqprylg/b/V2Ministry/o/office-dghs/2026/3/60c598de-df11-4bdd-b151-f9e8a08c848d.pdf,data/pdf/dghs/2026-04-18_69e36b39e252a315b7e7474c_1.pdf,9ad53ab10efc0c3d511b4fb935ce9269,2,8333
2026-04-19,69e4bf9adb601f2f93b5529c,https://dghs.gov.bd/pages/press-releases/হাম-প্রেস-রিলিজ-১৯০৪২০২৬-4bdkmn-69e4bf9adb601f2f93b5529c,1,https://objectstorage.ap-dcc-gazipur-1.oraclecloud15.com/n/axvjbnqprylg/b/V2Ministry/o/office-dghs/2026/3/355f0db2-d34b-4e7c-81e7-65cc6d34b5ef.pdf,data/pdf/dghs/2026-04-19_69e4bf9adb601f2f93b5529c_1.pdf,474f3798e84060c080f8937c3f1569f0,3,11848
2026-04-20,69e612c04366ea37079738c6,https://dghs.gov.bd/pages/press-releases/হাম-প্রেস-রিলিজ-২০০৪২০২৬-dt5yg4-69e612c04366ea37079738c6,1,https://objectstorage.ap-dcc-gazipur-1.oraclecloud15.com/n/axvjbnqprylg/b/V2Ministry/o/office-dghs/2026/3/df35201c-7d6d-4caa-b524-260a7b0f7479.pdf,data/pdf/dghs/2026-04-20_69e612c04366ea37079738c6_1.pdf,7216058b46c0c263b93a5360958a362d,3,11861
2026-04-21,69e75c69e3444b2e09da32c6,https://dghs.gov.bd/pages/press-releases/হাম-প্রেস-রিলিজ-২১০৪২০২৬-64rm68-69e75c69e3444b2e09da32c6,1,https://objectstorage.ap-dcc-gazipur-1.oraclecloud15.com/n/axvjbnqprylg/b/V2Ministry/o/office-dghs/2026/3/51b7b213-8277-4878-bdb4-838be5272105.pdf,data/pdf/dghs/2026-04-21_69e75c69e3444b2e09da32c6_1.pdf,422cce4d3fdb215c73e1e258f846edea,3,12849
2026-04-22,69e89bbdb8a34f9a2dedde5d,https://dghs.gov.bd/pages/press-releases/হাম-প্রেস-রিলিজ-২২০৪২০২৬-ra03f1-69e89bbdb8a34f9a2dedde5d,1,https://objectstorage.ap-dcc-gazipur-1.oraclecloud15.com/n/axvjbnqprylg/b/V2Ministry/o/office-dghs/2026/3/cc6e4c1b-50ae-44bd-9d41-238acb41ac99.pdf,data/pdf/dghs/2026-04-22_69e89bbdb8a34f9a2dedde5d_1.pdf,d607a81e17c2d92cefa60d5933f6e919,3,14020
2026-04-23,69e9f19806fca003045f6717,https://dghs.gov.bd/pages/press-releases/হাম-প্রেস-রিলিজ-২৩০৪২০২৬-iaaryi-69e9f19806fca003045f6717,1,https://objectstorage.ap-dcc-gazipur-1.oraclecloud15.com/n/axvjbnqprylg/b/V2Ministry/o/office-dghs/2026/3/5f159ac3-55ec-470b-ad8a-40f3642e7957.pdf,data/pdf/dghs/2026-04-23_69e9f19806fca003045f6717_1.pdf,e6c841db4dccde41d0c6caca72114bc4,3,14092
2026-04-24,69eb4262b8a34f9a2dee41c6,https://dghs.gov.bd/pages/press-releases/হাম-প্রেস-রিলিজ-২৪০৪২০২৬-ur2g6h-69eb4262b8a34f9a2dee41c6,1,https://objectstorage.ap-dcc-gazipur-1.oraclecloud15.com/n/axvjbnqprylg/b/V2Ministry/o/office-dghs/2026/3/e66eb1d2-7472-4440-be96-c15bb880f15e.pdf,data/pdf/dghs/2026-04-24_69eb4262b8a34f9a2dee41c6_1.pdf,5226d53fe2ebcada42e68996973a4229,3,14305
2026-04-25,69ec89b3db601f2f93b6c258,https://dghs.gov.bd/pages/press-releases/হাম-প্রেস-রিলিজ-২৫০৪২০২৬-2cindz-69ec89b3db601f2f93b6c258,1,https://objectstorage.ap-dcc-gazipur-1.oraclecloud15.com/n/axvjbnqprylg/b/V2Ministry/o/office-dghs/2026/3/734b0559-5ba3-4bc8-9b95-b37d791acf92.pdf,data/pdf/dghs/2026-04-25_69ec89b3db601f2f93b6c258_1.pdf,fadab7b32b24f4d4f123f10097a756c1,2,7920
2026-04-26,69edd3812bea4766e9cb48f2,https://dghs.gov.bd/pages/press-releases/হাম-প্রেস-রিলিজ-২৬০৪২০২৬-oprsrv-69edd3812bea4766e9cb48f2,1,https://objectstorage.ap-dcc-gazipur-1.oraclecloud15.com/n/axvjbnqprylg/b/V2Ministry/o/office-dghs/2026/3/1b00ae7a-c18d-4b22-8c21-c97268764ff6.pdf,data/pdf/dghs/2026-04-26_69edd3812bea4766e9cb48f2_1.pdf,59f9f95e05474c028f07830df03a0107,3,14333
2026-04-27,69ef3681ddc482a11212738c,https://dghs.gov.bd/pages/press-releases/হাম-প্রেস-রিলিজ-২৭০৪২০২৬-yu5tfl-69ef3681ddc482a11212738c,1,https://objectstorage.ap-dcc-gazipur-1.oraclecloud15.com/n/axvjbnqprylg/b/V2Ministry/o/office-dghs/2026/3/abb6445f-bcf8-471e-af5f-fec567f3cf62.pdf,data/pdf/dghs/2026-04-27_69ef3681ddc482a11212738c_1.pdf,4c61470d754d9478d9dc208523da0d93,3,14120
2026-04-28,69f0705e7163cfde16ec6e46,https://dghs.gov.bd/pages/press-releases/হাম-প্রেস-রিলিজ-২৮০৪২০২৬-r74qne-69f0705e7163cfde16ec6e46,1,https://objectstorage.ap-dcc-gazipur-1.oraclecloud15.com/n/axvjbnqprylg/b/V2Ministry/o/office-dghs/2026/3/dea6de3a-6418-47bb-becd-6c4f2cfaf879.pdf,data/pdf/dghs/2026-04-28_69f0705e7163cfde16ec6e46_1.pdf,3174365e7ff15ec7abb7aa7cae373738,3,14181
2026-04-29,69f1c1a887220b917a0e5013,https://dghs.gov.bd/pages/press-releases/হাম-প্রেস-রিলিজ-২৯০৪২০২৬-wvx7ql-69f1c1a887220b917a0e5013,1,https://objectstorage.ap-dcc-gazipur-1.oraclecloud15.com/n/axvjbnqprylg/b/V2Ministry/o/office-dghs/2026/3/996ee162-7b6c-49ad-ac52-48649efce18c.pdf,data/pdf/dghs/2026-04-29_69f1c1a887220b917a0e5013_1.pdf,330c9646d49c74fdf39634ddf3f54e7f,3,14274
2026-04-30,69f32f8307757087ae1b376c,https://dghs.gov.bd/pages/press-releases/হাম-প্রেস-রিলিজ-৩০০৪২০২৬-w97kbo-69f32f8307757087ae1b376c,1,https://objectstorage.ap-dcc-gazipur-1.oraclecloud15.com/n/axvjbnqprylg/b/V2Ministry/o/office-dghs/2026/3/0290733a-8726-4ce3-9971-c69d95994ef2.pdf,data/pdf/dghs/2026-04-30_69f32f8307757087ae1b376c_1.pdf,b8997aeb8f189411e76e726f354cd3e3,3,14301
2026-05-01,69f484af2dce6da0f1d4505c,https://dghs.gov.bd/pages/press-releases/হাম-প্রেস-রিলিজ-০১০৫২০২৬-s4itf5-69f484af2dce6da0f1d4505c,1,https://objectstorage.ap-dcc-gazipur-1.oraclecloud15.com/n/axvjbnqprylg/b/V2Ministry/o/office-dghs/2026/4/20c2c9f8-5556-447d-9e44-da3ad89dabb3.pdf,data/pdf/dghs/2026-05-01_69f484af2dce6da0f1d4505c_1.pdf,98973d97c5801abd2c931635e502cc7f,4,14083
2026-05-02,69f5b4a7e8be323b8da2faa8,https://dghs.gov.bd/pages/press-releases/হাম-প্রেস-রিলিজ-০২০৫২০২৬-e417k1-69f5b4a7e8be323b8da2faa8,1,https://objectstorage.ap-dcc-gazipur-1.oraclecloud15.com/n/axvjbnqprylg/b/V2Ministry/o/office-dghs/2026/4/8718ab9a-b8b0-4771-8171-1689be79acee.pdf,data/pdf/dghs/2026-05-02_69f5b4a7e8be323b8da2faa8_1.pdf,ccdf80ff742cc7dc1158e0674827d530,3,7781
2026-05-03,69f717de4244b58424853039,https://dghs.gov.bd/pages/press-releases/হাম-প্রেস-রিলিজ-০৩০৫২০২৬-5vxxxq-69f717de4244b58424853039,1,https://objectstorage.ap-dcc-gazipur-1.oraclecloud15.com/n/axvjbnqprylg/b/V2Ministry/o/office-dghs/2026/4/2d5f3eb0-70f1-4171-8e56-a83fc7804b3f.pdf,data/pdf/dghs/2026-05-03_69f717de4244b58424853039_1.pdf,06c4544808729a6dc4083c97bba49b34,3,14403
2026-05-04,69f896a463702c74225454d2,https://dghs.gov.bd/pages/press-releases/হাম-প্রেস-রিলিজ-০৪০৫২০২৬-xqd8u7-69f896a463702c74225454d2,1,https://objectstorage.ap-dcc-gazipur-1.oraclecloud15.com/n/axvjbnqprylg/b/V2Ministry/o/office-dghs/2026/4/013ded18-6af2-4f6f-bbf3-aa0e639c0258.pdf,data/pdf/dghs/2026-05-04_69f896a463702c74225454d2_1.pdf,687eb647b9c97a9c035817a526271759,3,14624
2026-05-05,69f9be9c4244b5842485fb2d,https://dghs.gov.bd/pages/press-releases/হাম-প্রেস-রিলিজ-০৫০৫২০২৬-o462o0-69f9be9c4244b5842485fb2d,1,https://objectstorage.ap-dcc-gazipur-1.oraclecloud15.com/n/axvjbnqprylg/b/V2Ministry/o/office-dghs/2026/4/de88d227-13ed-4af4-a910-0d93fea0d297.pdf,data/pdf/dghs/2026-05-05_69f9be9c4244b5842485fb2d_1.pdf,ebeab064f67f5ab166d473bf61ab3476,3,14681
2026-05-06,69fb0a3b24af039d1b7a3f5d,https://dghs.gov.bd/pages/press-releases/হাম-প্রেস-রিলিজ-০৬০৫২০২৬-iq84dj-69fb0a3b24af039d1b7a3f5d,1,https://objectstorage.ap-dcc-gazipur-1.oraclecloud15.com/n/axvjbnqprylg/b/V2Ministry/o/office-dghs/2026/4/9e852147-7950-4eab-847d-1235f9c0d617.pdf,data/pdf/dghs/2026-05-06_69fb0a3b24af039d1b7a3f5d_1.pdf,995f4031bedf204c17e3cdc852a548cd,3,14431
2026-05-07,69fc77b1a9b39d45e9d82261,https://dghs.gov.bd/pages/press-releases/হাম-প্রেস-রিলিজ-০৭০৫২০২৬-auw2f1-69fc77b1a9b39d45e9d82261,1,https://objectstorage.ap-dcc-gazipur-1.oraclecloud15.com/n/axvjbnqprylg/b/V2Ministry/o/office-dghs/2026/4/b74eaa3f-69eb-467f-bd26-d54fa103d2bb.pdf,data/pdf/dghs/2026-05-07_69fc77b1a9b39d45e9d82261_1.pdf,ee5b7e335a1b73978c9a2d245669398e,3,15009
2026-05-08,69fdcdf8a8c82147b68c57b8,https://dghs.gov.bd/pages/press-releases/হাম-প্রেস-রিলিজ-০৮০৫২০২৬-n7z0q9-69fdcdf8a8c82147b68c57b8,1,https://objectstorage.ap-dcc-gazipur-1.oraclecloud15.com/n/axvjbnqprylg/b/V2Ministry/o/office-dghs/2026/4/d7d30198-1c55-41fa-8c4f-33ec501d638b.pdf,data/pdf/dghs/2026-05-08_69fdcdf8a8c82147b68c57b8_1.pdf,490208209ec068d81248eac04e4582e8,3,14886
2026-05-09,69fee74ba059cb59a80ae679,https://dghs.gov.bd/pages/press-releases/হাম-প্রেস-রিলিজ-০৯০৫২০২৬-xd38rx-69fee74ba059cb59a80ae679,1,https://objectstorage.ap-dcc-gazipur-1.oraclecloud15.com/n/axvjbnqprylg/b/V2Ministry/o/office-dghs/2026/4/eb0902c8-d064-45f7-914b-6d5963222198.pdf,data/pdf/dghs/2026-05-09_69fee74ba059cb59a80ae679_1.pdf,a24d074d9c17ae631c3d80cd6837291d,2,7838
2026-05-10,6a008a04a8c82147b68ce204,https://dghs.gov.bd/pages/press-releases/হাম-প্রেস-রিলিজ-১০০৫২০২৬-zve3ig-6a008a04a8c82147b68ce204,1,https://objectstorage.ap-dcc-gazipur-1.oraclecloud15.com/n/axvjbnqprylg/b/V2Ministry/o/office-dghs/2026/4/758c39cc-643d-469e-9fd1-ce1adfd0bbad.pdf,data/pdf/dghs/2026-05-10_6a008a04a8c82147b68ce204_1.pdf,b0e6b2a0bb7aafdfec7f8bf18652794c,3,16229
2026-05-11,6a019a3603e2ae3c0d36d53b,https://dghs.gov.bd/pages/press-releases/হাম-প্রেস-রিলিজ-১১০৫২০২৬-7ke21c-6a019a3603e2ae3c0d36d53b,1,https://objectstorage.ap-dcc-gazipur-1.oraclecloud15.com/n/axvjbnqprylg/b/V2Ministry/o/office-dghs/2026/4/8a09e9e6-374b-40e7-a112-80a5e11a552f.pdf,data/pdf/dghs/2026-05-11_6a019a3603e2ae3c0d36d53b_1.pdf,46873fb5dcba462ff1cf26e5a5c7d16f,3,15802
2026-05-12,6a02e29f6762733bbf9ab797,https://dghs.gov.bd/pages/press-releases/হাম-প্রেস-রিলিজ-১২০৫২০২৬-eidw1b-6a02e29f6762733bbf9ab797,1,https://objectstorage.ap-dcc-gazipur-1.oraclecloud15.com/n/axvjbnqprylg/b/V2Ministry/o/office-dghs/2026/4/f56e06f9-5429-4cf2-9a81-3c0982f3766f.pdf,data/pdf/dghs/2026-05-12_6a02e29f6762733bbf9ab797_1.pdf,3c1f9c57333a2ecdaa1bf1feb1b51c2e,3,16233
2026-05-13,6a04553c87a6fde6b39e476d,https://dghs.gov.bd/pages/press-releases/হাম-প্রেস-রিলিজ-১৩০৫২০২৬-aiqal6-6a04553c87a6fde6b39e476d,1,https://objectstorage.ap-dcc-gazipur-1.oraclecloud15.com/n/axvjbnqprylg/b/V2Ministry/o/office-dghs/2026/4/936741b8-99ca-46c9-a39c-7610301f5686.pdf,data/pdf/dghs/2026-05-13_6a04553c87a6fde6b39e476d_1.pdf,29aa45936d153051f1407d7419b3cdb6,3,15983
2026-05-14,6a0593059f0c5ba58e6fbf6d,https://dghs.gov.bd/pages/press-releases/হাম-প্রেস-রিলিজ-১৪০৫২০২৬-k5zy8v-6a0593059f0c5ba58e6fbf6d,1,https://objectstorage.ap-dcc-gazipur-1.oraclecloud15.com/n/axvjbnqprylg/b/V2Ministry/o/office-dghs/2026/4/52fe889d-9910-4b42-8967-01593b6d8d1c.pdf,data/pdf/dghs/2026-05-14_6a0593059f0c5ba58e6fbf6d_1.pdf,e0ba427426385a7cc61cc606001d30f9,3,15987
2026-05-15,6a06f3b0163c98157b024a7c,https://dghs.gov.bd/pages/press-releases/হাম-প্রেস-রিলিজ-১৫০৫২০২৬-vuk01m-6a06f3b0163c98157b024a7c,1,https://objectstorage.ap-dcc-gazipur-1.oraclecloud15.com/n/axvjbnqprylg/b/V2Ministry/o/office-dghs/2026/4/47924e6f-7671-41c7-a4ae-4e8bd9b30828.pdf,data/pdf/dghs/2026-05-15_6a06f3b0163c98157b024a7c_1.pdf,5ef42e26beba3212ebe7e720c962347f,3,16023
2026-05-16,6a0837724cb0a0494f03f28d,https://dghs.gov.bd/pages/press-releases/হাম-প্রেস-রিলিজ-১৬০৫২০২৬-8n1glw-6a0837724cb0a0494f03f28d,1,https://objectstorage.ap-dcc-gazipur-1.oraclecloud15.com/n/axvjbnqprylg/b/V2Ministry/o/office-dghs/2026/4/a359ad71-a9d2-4080-bbea-8e6cc442efa8.pdf,data/pdf/dghs/2026-05-16_6a0837724cb0a0494f03f28d_1.pdf,ff997b35ed0e38a58ccc7fce75712045,2,8788
2026-05-17,6a098f5104d89a37d7fa585d,https://dghs.gov.bd/pages/press-releases/হাম-প্রেস-রিলিজ-১৭০৫২০২৬-d1e1ob-6a098f5104d89a37d7fa585d,1,https://objectstorage.ap-dcc-gazipur-1.oraclecloud15.com/n/axvjbnqprylg/b/V2Ministry/o/office-dghs/2026/4/498e9ea4-34a0-48d6-9588-abeeba690ff2.pdf,data/pdf/dghs/2026-05-17_6a098f5104d89a37d7fa585d_1.pdf,04c76676b318176abbca2204eb085bbe,3,15940
2026-05-18,6a0b2c1e4cb0a0494f04db4e,https://dghs.gov.bd/pages/press-releases/হাম-প্রেস-রিলিজ-১৮০৫২০২৬-aadip9-6a0b2c1e4cb0a0494f04db4e,1,https://objectstorage.ap-dcc-gazipur-1.oraclecloud15.com/n/axvjbnqprylg/b/V2Ministry/o/office-dghs/2026/4/a376bebb-000b-466b-945c-64febb6a2e8f.pdf,data/pdf/dghs/2026-05-18_6a0b2c1e4cb0a0494f04db4e_1.pdf,30702a65ba9716fd51ed34fbf6dea8e9,3,16261
2026-05-18,6a0c4ded9da92ab7e49a61a2,https://dghs.gov.bd/pages/press-releases/হাম-প্রেস-রিলিজ-১৮০৫২০২৬-gn9prm-6a0c4ded9da92ab7e49a61a2,1,https://objectstorage.ap-dcc-gazipur-1.oraclecloud15.com/n/axvjbnqprylg/b/V2Ministry/o/office-dghs/2026/4/d7d87be6-ac7a-4435-b3bc-cd710eb7e79b.pdf,data/pdf/dghs/2026-05-18_6a0c4ded9da92ab7e49a61a2_1.pdf,9ea7667f86381417f13c3c44505446c3,3,16256
2026-05-20,6a0d987fc8bc218c41d2e09f,https://dghs.gov.bd/pages/press-releases/হাম-প্রেস-রিলিজ-২০০৫২০২৬-y7oz6b-6a0d987fc8bc218c41d2e09f,1,https://objectstorage.ap-dcc-gazipur-1.oraclecloud15.com/n/axvjbnqprylg/b/V2Ministry/o/office-dghs/2026/4/8a454ad9-e966-447f-874f-a94a617a9a47.pdf,data/pdf/dghs/2026-05-20_6a0d987fc8bc218c41d2e09f_1.pdf,f98e319f1bf7f6de88c067456bafb84a,3,12998
2026-05-21,6a0ef8ec163c98157b04a73b,https://dghs.gov.bd/pages/press-releases/হাম-প্রেস-রিলিজ-২১০৫২০২৬-tzmze2-6a0ef8ec163c98157b04a73b,1,https://objectstorage.ap-dcc-gazipur-1.oraclecloud15.com/n/axvjbnqprylg/b/V2Ministry/o/office-dghs/2026/4/eabd9a2d-bc7c-4c9f-9b0d-a8a4c38942e5.pdf,data/pdf/dghs/2026-05-21_6a0ef8ec163c98157b04a73b_1.pdf,13e265eafac3deb864e479debff27c66,3,13741
2026-05-22,6a102f1c1de55a12d872bba0,https://dghs.gov.bd/pages/press-releases/হাম-প্রেস-রিলিজ-২২০৫২০২৬-3gkzy3-6a102f1c1de55a12d872bba0,1,https://objectstorage.ap-dcc-gazipur-1.oraclecloud15.com/n/axvjbnqprylg/b/V2Ministry/o/office-dghs/2026/4/5194b2ba-cc39-441d-af41-bade66bc1ec7.pdf,data/pdf/dghs/2026-05-22_6a102f1c1de55a12d872bba0_1.pdf,30314fdacd3b5ec4141c1d3d3862f577,3,14029
2026-05-23,6a116cd2a8c92ace1b2d33c6,https://dghs.gov.bd/pages/press-releases/হাম-প্রেস-রিলিজ-২৩০৫২০২৬-732pmf-6a116cd2a8c92ace1b2d33c6,1,https://objectstorage.ap-dcc-gazipur-1.oraclecloud15.com/n/axvjbnqprylg/b/V2Ministry/o/office-dghs/2026/4/079d5f4f-24f7-426c-a9e7-9cb1586fb109.pdf,data/pdf/dghs/2026-05-23_6a116cd2a8c92ace1b2d33c6_1.pdf,516c8c2ab78910d6eebce2f37f948e25,2,8956
2026-05-24,6a12d68d53b3a668fb758fb0,https://dghs.gov.bd/pages/press-releases/হাম-প্রেস-রিলিজ-২৪০৫২০২৬-wjsgxp-6a12d68d53b3a668fb758fb0,1,https://objectstorage.ap-dcc-gazipur-1.oraclecloud15.com/n/axvjbnqprylg/b/V2Ministry/o/office-dghs/2026/4/f56ad7fa-1a4a-4d38-b581-4be22c736665.pdf,data/pdf/dghs/2026-05-24_6a12d68d53b3a668fb758fb0_1.pdf,42027be4c8e506cf188924dd30e26bf7,3,13657
2026-05-25,6a14238353b3a668fb75a808,https://dghs.gov.bd/pages/press-releases/হাম-প্রেস-রিলিজ-২৫০৫২০২৬-refu28-6a14238353b3a668fb75a808,1,https://objectstorage.ap-dcc-gazipur-1.oraclecloud15.com/n/axvjbnqprylg/b/V2Ministry/o/office-dghs/2026/4/94858796-9ece-4b03-a97e-af6e672ddda4.pdf,data/pdf/dghs/2026-05-25_6a14238353b3a668fb75a808_1.pdf,54df69de5fe61d0572de25628e2c23b9,3,13545
2026-05-26,6a157032977edbd1f133f2fc,https://dghs.gov.bd/pages/press-releases/হাম-প্রেস-রিলিজ-২৬০৫২০২৬-aeb6rh-6a157032977edbd1f133f2fc,1,https://objectstorage.ap-dcc-gazipur-1.oraclecloud15.com/n/axvjbnqprylg/b/V2Ministry/o/office-dghs/2026/4/683a36c8-33a3-4aee-83aa-aeef3dbfc3bd.pdf,data/pdf/dghs/2026-05-26_6a157032977edbd1f133f2fc_1.pdf,d2b24ba2ca021f333c2a8d71d54667bc,3,13771
2026-05-27,6a16ce2b8cecc6bec6d48439,https://dghs.gov.bd/pages/press-releases/হাম-প্রেস-রিলিজ-২৭০৫২০২৬-k9x5ut-6a16ce2b8cecc6bec6d48439,1,https://objectstorage.ap-dcc-gazipur-1.oraclecloud15.com/n/axvjbnqprylg/b/V2Ministry/o/office-dghs/2026/4/a3382e9b-1c81-441d-9bf3-c86bcde6d18d.pdf,data/pdf/dghs/2026-05-27_6a16ce2b8cecc6bec6d48439_1.pdf,13047377fd21e659ac66c39c4061f1ce,2,8817
2026-05-28,6a1818047fa93b1e330fd224,https://dghs.gov.bd/pages/press-releases/হাম-প্রেস-রিলিজ-২৮০৫২০২৬-7vgata-6a1818047fa93b1e330fd224,1,https://objectstorage.ap-dcc-gazipur-1.oraclecloud15.com/n/axvjbnqprylg/b/V2Ministry/o/office-dghs/2026/4/f2b281cf-e7ab-4e54-b77e-e68695255424.pdf,data/pdf/dghs/2026-05-28_6a1818047fa93b1e330fd224_1.pdf,fc7e36db25484f16b1024366316194be,3,13216
2026-05-29,6a1968cea627b249ba062574,https://dghs.gov.bd/pages/press-releases/হাম-প্রেস-রিলিজ-২৯০৫২০২৬-yrnmu1-6a1968cea627b249ba062574,1,https://objectstorage.ap-dcc-gazipur-1.oraclecloud15.com/n/axvjbnqprylg/b/V2Ministry/o/office-dghs/2026/4/cb3ab537-7249-4230-9160-83109133f790.pdf,data/pdf/dghs/2026-05-29_6a1968cea627b249ba062574_1.pdf,dc1646552cc3a2ad52e23711c0d572cf,3,13821
2026-05-30,6a1aa9e4265639b451fbc7eb,https://dghs.gov.bd/pages/press-releases/হাম-প্রেস-রিলিজ-৩০০৫২০২৬-6lzsvn-6a1aa9e4265639b451fbc7eb,1,https://objectstorage.ap-dcc-gazipur-1.oraclecloud15.com/n/axvjbnqprylg/b/V2Ministry/o/office-dghs/2026/4/f8b047de-28bd-4c5e-b8af-79ae8a8e4428.pdf,data/pdf/dghs/2026-05-30_6a1aa9e4265639b451fbc7eb_1.pdf,9e3452020ad2f60c1b97de8eac594843,3,9580
2026-05-31,6a1bffc4040d753b4f037678,https://dghs.gov.bd/pages/press-releases/হাম-প্রেস-রিলিজ-৩১০৫২০২৬-7djxm0-6a1bffc4040d753b4f037678,1,https://objectstorage.ap-dcc-gazipur-1.oraclecloud15.com/n/axvjbnqprylg/b/V2Ministry/o/office-dghs/2026/4/ede0cdde-e280-4a31-844a-38c34d9a1e9e.pdf,data/pdf/dghs/2026-05-31_6a1bffc4040d753b4f037678_1.pdf,1f0cc3ad7366d4c75ef15ad3c1633347,3,13711
2026-06-01,6a1d5f8b8cecc6bec6d4c399,https://dghs.gov.bd/pages/press-releases/হাম-প্রেস-রিলিজ-০১০৬২০২৬-svxfgk-6a1d5f8b8cecc6bec6d4c399,1,https://objectstorage.ap-dcc-gazipur-1.oraclecloud15.com/n/axvjbnqprylg/b/V2Ministry/o/office-dghs/2026/5/4ed9a1c0-15dc-4728-a4c1-c0aa17b50644.pdf,data/pdf/dghs/2026-06-01_6a1d5f8b8cecc6bec6d4c399_1.pdf,562fc84e5f5be2639700ccc64bf95a5d,3,13526
2026-06-02,6a1eafee4912f6e4018bc53e,https://dghs.gov.bd/pages/press-releases/হাম-প্রেস-রিলিজ-০২০৬২০২৬-m6tbds-6a1eafee4912f6e4018bc53e,1,https://objectstorage.ap-dcc-gazipur-1.oraclecloud15.com/n/axvjbnqprylg/b/V2Ministry/o/office-dghs/2026/5/30d38ac9-05cb-4e13-bfcd-5749a53c445e.pdf,data/pdf/dghs/2026-06-02_6a1eafee4912f6e4018bc53e_1.pdf,d7077bdd21e038413ff2776ea13bd3d3,3,13872
2026-06-03,6a20006a8cecc6bec6d58742,https://dghs.gov.bd/pages/press-releases/হাম-প্রেস-রিলিজ-০৩০৬২০২৬-ybqf23-6a20006a8cecc6bec6d58742,1,https://objectstorage.ap-dcc-gazipur-1.oraclecloud15.com/n/axvjbnqprylg/b/V2Ministry/o/office-dghs/2026/5/8e4bb6d7-3f87-4263-a436-fed632d95b68.pdf,data/pdf/dghs/2026-06-03_6a20006a8cecc6bec6d58742_1.pdf,7e76c3cb7de144c5072732296424af67,3,13202
2026-06-04,6a214895407cdbf736b51423,https://dghs.gov.bd/pages/press-releases/হাম-প্রেস-রিলিজ-০৪০৬২০২৬-6pro8k-6a214895407cdbf736b51423,1,https://objectstorage.ap-dcc-gazipur-1.oraclecloud15.com/n/axvjbnqprylg/b/V2Ministry/o/office-dghs/2026/5/84896d46-72c9-465d-bdaf-5c0503a23a7e.pdf,data/pdf/dghs/2026-06-04_6a214895407cdbf736b51423_1.pdf,1b8fc4f6469f5deced29c76add9d065a,3,13397
2026-06-05,6a22c34dffeb882b68715436,https://dghs.gov.bd/pages/press-releases/হাম-প্রেস-রিলিজ-০৫০৬২০২৬-mo0fj7-6a22c34dffeb882b68715436,1,https://objectstorage.ap-dcc-gazipur-1.oraclecloud15.com/n/axvjbnqprylg/b/V2Ministry/o/office-dghs/2026/5/1418093d-e62c-4bd1-8289-f7a6c92628a4.pdf,data/pdf/dghs/2026-06-05_6a22c34dffeb882b68715436_1.pdf,c0d3588bc1d433f72002d13044f28334,2,8738
2026-06-06,6a23ebdb0daa4cebedfada90,https://dghs.gov.bd/pages/press-releases/হাম-প্রেস-রিলিজ-০৬০৬২০২৬-xw6f7c-6a23ebdb0daa4cebedfada90,1,https://objectstorage.ap-dcc-gazipur-1.oraclecloud15.com/n/axvjbnqprylg/b/V2Ministry/o/office-dghs/2026/5/c96f59cd-a90c-4cfe-90a3-c9b9cd8a53b8.pdf,data/pdf/dghs/2026-06-06_6a23ebdb0daa4cebedfada90_1.pdf,f1cc04f13e8b1ec87b5f2a0d971bf33a,2,8735
2026-06-07,6a254d4fb92ba5a71ee08e75,https://dghs.gov.bd/pages/press-releases/হাম-প্রেস-রিলিজ-০৭০৬২০২৬-gbpe4k-6a254d4fb92ba5a71ee08e75,1,https://objectstorage.ap-dcc-gazipur-1.oraclecloud15.com/n/axvjbnqprylg/b/V2Ministry/o/office-dghs/2026/5/d263340c-cd64-461b-b5d2-76ef0929c9c7.pdf,data/pdf/dghs/2026-06-07_6a254d4fb92ba5a71ee08e75_1.pdf,19a72e12392925da23a5367582b55536,3,13439
2026-06-08,6a269ce56985b94712e052ca,https://dghs.gov.bd/pages/press-releases/হাম-প্রেস-রিলিজ-০৮০৬২০২৬-hgk4c3-6a269ce56985b94712e052ca,1,https://objectstorage.ap-dcc-gazipur-1.oraclecloud15.com/n/axvjbnqprylg/b/V2Ministry/o/office-dghs/2026/5/9807440c-4f70-429d-8799-f56590e256fb.pdf,data/pdf/dghs/2026-06-08_6a269ce56985b94712e052ca_1.pdf,129658ed14c3d2405dd2b0a2c830a07a,3,13379
2026-06-09,6a27f7d553b3a668fb786590,https://dghs.gov.bd/pages/press-releases/হাম-প্রেস-রিলিজ-০৯০৬২০২৬-u2bq0n-6a27f7d553b3a668fb786590,1,https://objectstorage.ap-dcc-gazipur-1.oraclecloud15.com/n/axvjbnqprylg/b/V2Ministry/o/office-dghs/2026/5/b53452b3-6b8d-431b-ad40-0ee5e8d39db5.pdf,data/pdf/dghs/2026-06-09_6a27f7d553b3a668fb786590_1.pdf,99ace6eea2f116efcdd150bb80052e6a,3,13481
2026-06-10,6a292ce64912f6e4018e42a9,https://dghs.gov.bd/pages/press-releases/হাম-প্রেস-রিলিজ-১০০৬২০২৬-fnh05r-6a292ce64912f6e4018e42a9,1,https://objectstorage.ap-dcc-gazipur-1.oraclecloud15.com/n/axvjbnqprylg/b/V2Ministry/o/office-dghs/2026/5/c32da9ff-c3d7-41c1-b9f2-227ba2f8a0f9.pdf,data/pdf/dghs/2026-06-10_6a292ce64912f6e4018e42a9_1.pdf,d90cb0dfc3cb725f96faa84137b5b148,3,13480
2026-06-11,6a2a8c6ca627b249ba096451,https://dghs.gov.bd/pages/press-releases/হাম-প্রেস-রিলিজ-১১০৬২০২৬-yj6o6f-6a2a8c6ca627b249ba096451,1,https://objectstorage.ap-dcc-gazipur-1.oraclecloud15.com/n/axvjbnqprylg/b/V2Ministry/o/office-dghs/2026/5/97f4a4bd-156d-46d1-9af5-fcf9db618d92.pdf,data/pdf/dghs/2026-06-11_6a2a8c6ca627b249ba096451_1.pdf,36eac404552b832194545e9bfad007f6,3,13404
2026-06-12,6a2bdd8353b3a668fb794eb8,https://dghs.gov.bd/pages/press-releases/হাম-প্রেস-রিলিজ-১২০৬২০২৬-6j55qj-6a2bdd8353b3a668fb794eb8,1,https://objectstorage.ap-dcc-gazipur-1.oraclecloud15.com/n/axvjbnqprylg/b/V2Ministry/o/office-dghs/2026/5/d31ec1c6-984c-451d-8ab7-ca449ab87184.pdf,data/pdf/dghs/2026-06-12_6a2bdd8353b3a668fb794eb8_1.pdf,e9e12bed4b57ae52c65316f38b39ed9e,3,13496
2026-06-13,6a2d1dbc2de6aeac14fbf0b8,https://dghs.gov.bd/pages/press-releases/হাম-প্রেস-রিলিজ-১৩০৬২০২৬-g96tmw-6a2d1dbc2de6aeac14fbf0b8,1,https://objectstorage.ap-dcc-gazipur-1.oraclecloud15.com/n/axvjbnqprylg/b/V2Ministry/o/office-dghs/2026/5/a1c0ec63-abfc-4c6a-9615-cd24607a2136.pdf,data/pdf/dghs/2026-06-13_6a2d1dbc2de6aeac14fbf0b8_1.pdf,d2c706248950321d1c097ff4a00920a9,2,8738
2026-06-14,6a2e7b774b0cb0ed96fc0a8e,https://dghs.gov.bd/pages/press-releases/হাম-প্রেস-রিলিজ-১৪০৬২০২৬-80w50f-6a2e7b774b0cb0ed96fc0a8e,1,https://objectstorage.ap-dcc-gazipur-1.oraclecloud15.com/n/axvjbnqprylg/b/V2Ministry/o/office-dghs/2026/5/7a6102ff-a105-4e98-89f5-698188013f52.pdf,data/pdf/dghs/2026-06-14_6a2e7b774b0cb0ed96fc0a8e_1.pdf,be364f529a10f2f20b65728bda9ca1a0,3,13470
2026-06-15,6a2fe6922942230c1429fe26,https://dghs.gov.bd/pages/press-releases/হাম-প্রেস-রিলিজ-১৫০৬২০২৬-oa61sr-6a2fe6922942230c1429fe26,1,https://objectstorage.ap-dcc-gazipur-1.oraclecloud15.com/n/axvjbnqprylg/b/V2Ministry/o/office-dghs/2026/5/a44e3de7-f09c-409a-9109-2ad837a56b88.pdf,data/pdf/dghs/2026-06-15_6a2fe6922942230c1429fe26_1.pdf,c52608124b96e1748cedfc865384b6d7,3,13387
2026-06-16,6a3112171ed4fbd863744b6f,https://dghs.gov.bd/pages/press-releases/হাম-প্রেস-রিলিজ-১৬০৬২০২৬-gw48p2-6a3112171ed4fbd863744b6f,1,https://objectstorage.ap-dcc-gazipur-1.oraclecloud15.com/n/axvjbnqprylg/b/V2Ministry/o/office-dghs/2026/5/84505d68-9c7a-4b90-bb02-2c3602a5bd8d.pdf,data/pdf/dghs/2026-06-16_6a3112171ed4fbd863744b6f_1.pdf,9eff3aaf28ca757b9b5c4af5570fb493,3,13481
2026-06-17,6a326983df967db080c23338,https://dghs.gov.bd/pages/press-releases/হাম-প্রেস-রিলিজ-১৭০৬২০২৬-rnmsui-6a326983df967db080c23338,1,https://objectstorage.ap-dcc-gazipur-1.oraclecloud15.com/n/axvjbnqprylg/b/V2Ministry/o/office-dghs/2026/5/6e6e8f57-16ca-4cae-ac14-84139a223552.pdf,data/pdf/dghs/2026-06-17_6a326983df967db080c23338_1.pdf,4ba36e38d3e5221b87cefb2820ad01be,3,13469
2026-06-18,6a33ccf4d6fff31fe5bc9c09,https://dghs.gov.bd/pages/press-releases/হাম-প্রেস-রিলিজ-১৮০৬২০২৬-cx4nvk-6a33ccf4d6fff31fe5bc9c09,1,https://objectstorage.ap-dcc-gazipur-1.oraclecloud15.com/n/axvjbnqprylg/b/V2Ministry/o/office-dghs/2026/5/2e03845c-ed20-47de-8fe4-154fd9c4bfca.pdf,data/pdf/dghs/2026-06-18_6a33ccf4d6fff31fe5bc9c09_1.pdf,6354dd7768c5c35a7f012946ea7d6c7c,3,13387
2026-06-19,6a3600d8d6fff31fe5bcb2c9,https://dghs.gov.bd/pages/press-releases/হাম-প্রেস-রিলিজ-১৯০৬২০২৬-o0e02l-6a3600d8d6fff31fe5bcb2c9,1,https://objectstorage.ap-dcc-gazipur-1.oraclecloud15.com/n/axvjbnqprylg/b/V2Ministry/o/office-dghs/2026/5/7117657c-f157-42f2-bf48-41b9d7d8cd6e.pdf,data/pdf/dghs/2026-06-19_6a3600d8d6fff31fe5bcb2c9_1.pdf,9e262e6daa65d2acf681d05b78d3ad6d,3,13386
2026-06-20,6a366be7a306397897d6fe2c,https://dghs.gov.bd/pages/press-releases/হাম-প্রেস-রিলিজ-২০০৬২০২৬-phe7u9-6a366be7a306397897d6fe2c,1,https://objectstorage.ap-dcc-gazipur-1.oraclecloud15.com/n/axvjbnqprylg/b/V2Ministry/o/office-dghs/2026/5/83674e35-5bc3-46f1-b39d-b6f8284aa61e.pdf,data/pdf/dghs/2026-06-20_6a366be7a306397897d6fe2c_1.pdf,c7aa1e233d4ffe18100b1ee94f62275e,2,8741
2026-06-21,6a37c00bea1dba9cc6982a7f,https://dghs.gov.bd/pages/press-releases/হাম-প্রেস-রিলিজ-২১০৬২০২৬-f3razv-6a37c00bea1dba9cc6982a7f,1,https://objectstorage.ap-dcc-gazipur-1.oraclecloud15.com/n/axvjbnqprylg/b/V2Ministry/o/office-dghs/2026/5/83c0895a-e591-4d52-8aa7-27fcabcedb95.pdf,data/pdf/dghs/2026-06-21_6a37c00bea1dba9cc6982a7f_1.pdf,e74ecb0718e1ed801eda3e2743996881,3,13384
2026-06-22,6a3917b650a67beec21334af,https://dghs.gov.bd/pages/press-releases/হাম-প্রেস-রিলিজ-২২০৬২০২৬-qsy0j5-6a3917b650a67beec21334af,1,https://objectstorage.ap-dcc-gazipur-1.oraclecloud15.com/n/axvjbnqprylg/b/V2Ministry/o/office-dghs/2026/5/13afdf23-e2a0-4980-b706-b06addd6920e.pdf,data/pdf/dghs/2026-06-22_6a3917b650a67beec21334af_1.pdf,426cfdda5be91ccc27da190ecb0e6dfd,3,13671
2026-06-23,6a3a5b85f606a85e93638d5b,https://dghs.gov.bd/pages/press-releases/হাম-প্রেস-রিলিজ-২৩০৬২০২৬-lea897-6a3a5b85f606a85e93638d5b,1,https://objectstorage.ap-dcc-gazipur-1.oraclecloud15.com/n/axvjbnqprylg/b/V2Ministry/o/office-dghs/2026/5/3fc845ee-9374-46e9-a0e2-796d2f60e751.pdf,data/pdf/dghs/2026-06-23_6a3a5b85f606a85e93638d5b_1.pdf,fa920d58abc599d57aa98e8ecc90ac52,3,13787
2026-06-24,6a3baf2bd6fff31fe5be545d,https://dghs.gov.bd/pages/press-releases/হাম-প্রেস-রিলিজ-২৪০৬২০২৬-vk9onu-6a3baf2bd6fff31fe5be545d,1,https://objectstorage.ap-dcc-gazipur-1.oraclecloud15.com/n/axvjbnqprylg/b/V2Ministry/o/office-dghs/2026/5/65843562-af76-4b91-a293-3883e57e680c.pdf,data/pdf/dghs/2026-06-24_6a3baf2bd6fff31fe5be545d_1.pdf,087395e18486ae034a30aa60331e705e,3,13384
2026-06-25,6a3d1894ead8618d35d54b5d,https://dghs.gov.bd/pages/press-releases/হাম-প্রেস-রিলিজ-২৫০৬২০২৬-2gtj4g-6a3d1894ead8618d35d54b5d,1,https://objectstorage.ap-dcc-gazipur-1.oraclecloud15.com/n/axvjbnqprylg/b/V2Ministry/o/office-dghs/2026/5/b845f63f-b0d8-4009-8069-daa89ebefc24.pdf,data/pdf/dghs/2026-06-25_6a3d1894ead8618d35d54b5d_1.pdf,685bbf525f0b837db7d23f2cf2902a6a,3,13385
2026-06-26,6a3e53e6305a00ac8410be2c,https://dghs.gov.bd/pages/press-releases/হাম-প্রেস-রিলিজ-২৬০৬২০২৬-469ew0-6a3e53e6305a00ac8410be2c,1,https://objectstorage.ap-dcc-gazipur-1.oraclecloud15.com/n/axvjbnqprylg/b/V2Ministry/o/office-dghs/2026/5/b0436d27-596c-4413-bdd4-50f31a67e704.pdf,data/pdf/dghs/2026-06-26_6a3e53e6305a00ac8410be2c_1.pdf,8e1ca75037ab482f6d48f00ebf27cfc6,3,13444
2026-06-27,6a3f9d2450a67beec2148819,https://dghs.gov.bd/pages/press-releases/হাম-প্রেস-রিলিজ-২৭০৬২০২৬-mvpxcw-6a3f9d2450a67beec2148819,1,https://objectstorage.ap-dcc-gazipur-1.oraclecloud15.com/n/axvjbnqprylg/b/V2Ministry/o/office-dghs/2026/5/2dc72efa-ba54-4a00-b751-383ef2c262f5.pdf,data/pdf/dghs/2026-06-27_6a3f9d2450a67beec2148819_1.pdf,7d58ac3509d7ce6497e7c3092920b329,2,8746
2026-06-28,6a40f3c50f53a6f67f4c6a85,https://dghs.gov.bd/pages/press-releases/হাম-প্রেস-রিলিজ-২৮০৬২০২৬-6mw1pd-6a40f3c50f53a6f67f4c6a85,1,https://objectstorage.ap-dcc-gazipur-1.oraclecloud15.com/n/axvjbnqprylg/b/V2Ministry/o/office-dghs/2026/5/063d2c1b-455e-4869-a0bc-cc0ef09ff14b.pdf,data/pdf/dghs/2026-06-28_6a40f3c50f53a6f67f4c6a85_1.pdf,2af2bed652c6df45f8a8f4e7a21a3fb7,3,13381
2026-06-29,6a424587305a00ac84118c34,https://dghs.gov.bd/pages/press-releases/হাম-প্রেস-রিলিজ-২৯০৬২০২৬-kfrgjq-6a424587305a00ac84118c34,1,https://objectstorage.ap-dcc-gazipur-1.oraclecloud15.com/n/axvjbnqprylg/b/V2Ministry/o/office-dghs/2026/5/56224abf-0854-4f54-b0f8-7c83f96fdd2a.pdf,data/pdf/dghs/2026-06-29_6a424587305a00ac84118c34_1.pdf,5688d58e3101b81b497654d685796f33,3,13418
2026-06-30,6a43985b0ee4bf815790a87d,https://dghs.gov.bd/pages/press-releases/হাম-প্রেস-রিলিজ-৩০০৬২০২৬-w8p8ae-6a43985b0ee4bf815790a87d,1,https://objectstorage.ap-dcc-gazipur-1.oraclecloud15.com/n/axvjbnqprylg/b/V2Ministry/o/office-dghs/2026/5/93149a41-13c6-47da-a121-d6f2591b6cfc.pdf,data/pdf/dghs/2026-06-30_6a43985b0ee4bf815790a87d_1.pdf,05f7a99d9d7745786ced6d8ac4e3035e,3,13492
2026-07-01,6a453a9fd19d3e3754cd3fb4,https://dghs.gov.bd/pages/press-releases/হাম-প্রেস-রিলিজ-০১০৭২০২৬-aboacc-6a453a9fd19d3e3754cd3fb4,1,https://objectstorage.ap-dcc-gazipur-1.oraclecloud15.com/n/axvjbnqprylg/b/V2Ministry/o/office-dghs/2026/6/11439b84-6dc7-49e4-a65f-717541cf98cd.pdf,data/pdf/dghs/2026-07-01_6a453a9fd19d3e3754cd3fb4_1.pdf,14198b85251850c017e737733f8329ff,3,13397
2026-07-02,6a463dae473e3f9bbca0a86e,https://dghs.gov.bd/pages/press-releases/হাম-প্রেস-রিলিজ-০২০৭২০২৬-lz0poh-6a463dae473e3f9bbca0a86e,1,https://objectstorage.ap-dcc-gazipur-1.oraclecloud15.com/n/axvjbnqprylg/b/V2Ministry/o/office-dghs/2026/6/8439c240-2534-4d32-9682-aa121cb2b8c6.pdf,data/pdf/dghs/2026-07-02_6a463dae473e3f9bbca0a86e_1.pdf,9818099a42918d3d568465f40bc0fd0c,3,14162
2026-07-03,6a478b0feb5e93721ad7338f,https://dghs.gov.bd/pages/press-releases/হাম-প্রেস-রিলিজ-০৩০৭২০২৬-s84ws0-6a478b0feb5e93721ad7338f,1,https://objectstorage.ap-dcc-gazipur-1.oraclecloud15.com/n/axvjbnqprylg/b/V2Ministry/o/office-dghs/2026/6/c0d96f6c-de5a-46b1-8c73-d5031c0fe989.pdf,data/pdf/dghs/2026-07-03_6a478b0feb5e93721ad7338f_1.pdf,e478050bd9db75020ea30ed9b844741a,3,13395
2026-07-04,6a48e679f414023e740a8881,https://dghs.gov.bd/pages/press-releases/হাম-প্রেস-রিলিজ-০৪০৭২০২৬-wngybw-6a48e679f414023e740a8881,1,https://objectstorage.ap-dcc-gazipur-1.oraclecloud15.com/n/axvjbnqprylg/b/V2Ministry/o/office-dghs/2026/6/0747679e-14bd-4fab-987f-87d96347a4a6.pdf,data/pdf/dghs/2026-07-04_6a48e679f414023e740a8881_1.pdf,3537027396052bc1914f79a72758eb77,2,8778
2026-07-05,6a4a53bbfd5aae08967ffc7b,https://dghs.gov.bd/pages/press-releases/হাম-প্রেস-রিলিজ-০৫০৭২০২৬-hoc3j5-6a4a53bbfd5aae08967ffc7b,1,https://objectstorage.ap-dcc-gazipur-1.oraclecloud15.com/n/axvjbnqprylg/b/V2Ministry/o/office-dghs/2026/6/78bc3313-4753-4053-b3b7-765a2eb30339.pdf,data/pdf/dghs/2026-07-05_6a4a53bbfd5aae08967ffc7b_1.pdf,9b3adaef9334a434100c958019904586,3,14144
2026-07-06,6a4b8abaeb5e93721ad83ae1,https://dghs.gov.bd/pages/press-releases/হাম-প্রেস-রিলিজ-০৬০৭২০২৬-rrza1b-6a4b8abaeb5e93721ad83ae1,1,https://objectstorage.ap-dcc-gazipur-1.oraclecloud15.com/n/axvjbnqprylg/b/V2Ministry/o/office-dghs/2026/6/24f5b51b-7516-4e7a-bb56-62cc9164ffc7.pdf,data/pdf/dghs/2026-07-06_6a4b8abaeb5e93721ad83ae1_1.pdf,98073469b0f18315dd7264ae1122e8c8,3,14214
2026-07-07,6a4cd96cc6b512005b186134,https://dghs.gov.bd/pages/press-releases/হাম-প্রেস-রিলিজ-০৭০৭২০২৬-o4iq65-6a4cd96cc6b512005b186134,1,https://objectstorage.ap-dcc-gazipur-1.oraclecloud15.com/n/axvjbnqprylg/b/V2Ministry/o/office-dghs/2026/6/15043809-dd88-4d32-afb4-a19db7b11881.pdf,data/pdf/dghs/2026-07-07_6a4cd96cc6b512005b186134_1.pdf,d29dea5647277367ed438572a95cae20,3,14319
2026-07-08,6a4e20efe9505d55b344e416,https://dghs.gov.bd/pages/press-releases/হাম-প্রেস-রিলিজ-০৮০৭২০২৬-yh1d8m-6a4e20efe9505d55b344e416,1,https://objectstorage.ap-dcc-gazipur-1.oraclecloud15.com/n/axvjbnqprylg/b/V2Ministry/o/office-dghs/2026/6/2794799f-c4fa-410d-b8f9-29f5f269ffbb.pdf,data/pdf/dghs/2026-07-08_6a4e20efe9505d55b344e416_1.pdf,c6433277e4877b890b4072e5b917406d,3,14303
2026-07-10,6a5214b9896678c73f5defd0,https://dghs.gov.bd/pages/press-releases/হাম-প্রেস-রিলিজ-১০০৭২০২৬-rhbk49-6a5214b9896678c73f5defd0,1,https://objectstorage.ap-dcc-gazipur-1.oraclecloud15.com/n/axvjbnqprylg/b/V2Ministry/o/office-dghs/2026/6/08fe40b4-ae75-4fa2-9e7e-64184fddfdcd.pdf,data/pdf/dghs/2026-07-10_6a5214b9896678c73f5defd0_1.pdf,acf1b277f3379f98574155387c6007a5,3,13794
2026-07-11,6a531e4f079f3a9be2d0aa10,https://dghs.gov.bd/pages/press-releases/হাম-প্রেস-রিলিজ-১১০৭২০২৬-9mcsdj-6a531e4f079f3a9be2d0aa10,1,https://objectstorage.ap-dcc-gazipur-1.oraclecloud15.com/n/axvjbnqprylg/b/V2Ministry/o/office-dghs/2026/6/f05feef8-828a-41b7-9c18-b93bc85b87cd.pdf,data/pdf/dghs/2026-07-11_6a531e4f079f3a9be2d0aa10_1.pdf,f9e7719655d6e108260509035c90336c,3,8821
2026-07-12,6a538af1e9505d55b3460a5c,https://dghs.gov.bd/pages/press-releases/হাম-প্রেস-রিলিজ-১২০৭২০২৬-jtm3g0-6a538af1e9505d55b3460a5c,1,https://objectstorage.ap-dcc-gazipur-1.oraclecloud15.com/n/axvjbnqprylg/b/V2Ministry/o/office-dghs/2026/6/5b94fd74-961c-4e08-a760-7761162af551.pdf,data/pdf/dghs/2026-07-12_6a538af1e9505d55b3460a5c_1.pdf,ccd59ac417a30fe692c0e90e04a18ab3,3,14307
2026-07-13,6a54b91823142f2e0fa3c057,https://dghs.gov.bd/pages/press-releases/হাম-প্রেস-রিলিজ-১৩০৭২০২৬-vb6f7q-6a54b91823142f2e0fa3c057,1,https://objectstorage.ap-dcc-gazipur-1.oraclecloud15.com/n/axvjbnqprylg/b/V2Ministry/o/office-dghs/2026/6/026a9787-d4e5-48cc-9b77-8184139b5526.pdf,data/pdf/dghs/2026-07-13_6a54b91823142f2e0fa3c057_1.pdf,f6956c9d887a2458445e2adcb811e657,3,14305
2026-07-14,6a5604a85adca3a8fa95cf7e,https://dghs.gov.bd/pages/press-releases/হাম-প্রেস-রিলিজ-১৪০৭২০২৬-0nfin6-6a5604a85adca3a8fa95cf7e,1,https://objectstorage.ap-dcc-gazipur-1.oraclecloud15.com/n/axvjbnqprylg/b/V2Ministry/o/office-dghs/2026/6/7f798be7-d74c-4d40-9dd4-bf23ced6db04.pdf,data/pdf/dghs/2026-07-14_6a5604a85adca3a8fa95cf7e_1.pdf,855c53aed98535afe03c8cc498d50f66,3,14191
2026-07-15,6a577680079f3a9be2d2c17b,https://dghs.gov.bd/pages/press-releases/হাম-প্রেস-রিলিজ-১৫০৭২০২৬-jmzhnt-6a577680079f3a9be2d2c17b,1,https://objectstorage.ap-dcc-gazipur-1.oraclecloud15.com/n/axvjbnqprylg/b/V2Ministry/o/office-dghs/2026/6/08e2dff5-97ad-4b0a-a449-04a21f1fa878.pdf,data/pdf/dghs/2026-07-15_6a577680079f3a9be2d2c17b_1.pdf,f9e6d46f950d9bf73613bb90d3d9f734,4,14201
2026-07-16,6a58aee823142f2e0fa58892,https://dghs.gov.bd/pages/press-releases/হাম-প্রেস-রিলিজ-১৬০৭২০২৬-q0u8sz-6a58aee823142f2e0fa58892,1,https://objectstorage.ap-dcc-gazipur-1.oraclecloud15.com/n/axvjbnqprylg/b/V2Ministry/o/office-dghs/2026/6/326f32ba-b005-46a1-b8ec-3cb910b9643f.pdf,data/pdf/dghs/2026-07-16_6a58aee823142f2e0fa58892_1.pdf,bc235e9e817cb12dda1de371b7fe1a91,3,14186
2026-07-17,6a5a0a9eefca7b069461d876,https://dghs.gov.bd/pages/press-releases/হাম-প্রেস-রিলিজ-১৭০৭২০২৬-0bl5eu-6a5a0a9eefca7b069461d876,1,https://objectstorage.ap-dcc-gazipur-1.oraclecloud15.com/n/axvjbnqprylg/b/V2Ministry/o/office-dghs/2026/6/a372ec2d-9da1-4be2-89af-605ce7852d3d.pdf,data/pdf/dghs/2026-07-17_6a5a0a9eefca7b069461d876_1.pdf,67be6cf49c0ff6719d8eec9d9c2084db,3,13387
2026-07-18,6a5b49a7caddd318c33249a5,https://dghs.gov.bd/pages/press-releases/হাম-প্রেস-রিলিজ-১৮০৭২০২৬-c3rkmp-6a5b49a7caddd318c33249a5,1,https://objectstorage.ap-dcc-gazipur-1.oraclecloud15.com/n/axvjbnqprylg/b/V2Ministry/o/office-dghs/2026/6/26802263-7f17-4cf0-ace8-ddfb9c4bd491.pdf,data/pdf/dghs/2026-07-18_6a5b49a7caddd318c33249a5_1.pdf,edea0700c9a05e4f0dcacf4755c2db17,2,8738
2026-07-19,6a5cb59c5559183bd27b6028,https://dghs.gov.bd/pages/press-releases/হাম-প্রেস-রিলিজ-১৯০৭২০২৬-pft6l4-6a5cb59c5559183bd27b6028,1,https://objectstorage.ap-dcc-gazipur-1.oraclecloud15.com/n/axvjbnqprylg/b/V2Ministry/o/office-dghs/2026/6/22a4e849-e6c7-4bed-b81e-26e972d70263.pdf,data/pdf/dghs/2026-07-19_6a5cb59c5559183bd27b6028_1.pdf,f19f01bfea742aea5e62ff175dbd388e,3,13978
2026-07-20,6a5df66823142f2e0fa69d2a,https://dghs.gov.bd/pages/press-releases/হাম-প্রেস-রিলিজ-২০০৭২০২৬-5b1jdb-6a5df66823142f2e0fa69d2a,1,https://objectstorage.ap-dcc-gazipur-1.oraclecloud15.com/n/axvjbnqprylg/b/V2Ministry/o/office-dghs/2026/6/f6fe0ee1-e74d-4fbf-9012-d88c92fb92d7.pdf,data/pdf/dghs/2026-07-20_6a5df66823142f2e0fa69d2a_1.pdf,d09f13fdd807be497f50b11d638e2cf6,3,13978
2026-07-21,6a5f452ce8c1bcb442b4b5e2,https://dghs.gov.bd/pages/press-releases/হাম-প্রেস-রিলিজ-২১০৭২০২৬-g6juir-6a5f452ce8c1bcb442b4b5e2,1,https://objectstorage.ap-dcc-gazipur-1.oraclecloud15.com/n/axvjbnqprylg/b/V2Ministry/o/office-dghs/2026/6/599b639a-0b3f-4f64-8abb-9bbd1d686184.pdf,data/pdf/dghs/2026-07-21_6a5f452ce8c1bcb442b4b5e2_1.pdf,f10520bd018f97da29d7c6271bb91380,3,13976
2026-07-22,6a610258b859b8767ff870f6,https://dghs.gov.bd/pages/press-releases/হাম-প্রেস-রিলিজ-২২০৭২০২৬-6npgcq-6a610258b859b8767ff870f6,1,https://objectstorage.ap-dcc-gazipur-1.oraclecloud15.com/n/axvjbnqprylg/b/V2Ministry/o/office-dghs/2026/6/3e51a261-aeab-4b2c-b4cc-092cddafc8a6.pdf,data/pdf/dghs/2026-07-22_6a610258b859b8767ff870f6_1.pdf,7d03a131c98b8aa4022c1bfc2ef62a50,3,13993
2026-07-24,6a63505aa578de1f62827470,https://dghs.gov.bd/pages/press-releases/হাম-প্রেস-রিলিজ-২৪০৭২০২৬-2rg67v-6a63505aa578de1f62827470,1,https://objectstorage.ap-dcc-gazipur-1.oraclecloud15.com/n/axvjbnqprylg/b/V2Ministry/o/office-dghs/2026/6/a75a2aab-6a27-484c-b7f7-a62cfb5031f0.pdf,data/pdf/dghs/2026-07-24_6a63505aa578de1f62827470_1.pdf,cba9d5b6a7c87feb38f3be8e20e2c0b3,3,13390
2026-07-25,6a64d931bee69f3a36f60c02,https://dghs.gov.bd/pages/press-releases/হাম-প্রেস-রিলিজ-২৫০৭২০২৬-398trk-6a64d931bee69f3a36f60c02,1,https://objectstorage.ap-dcc-gazipur-1.oraclecloud15.com/n/axvjbnqprylg/b/V2Ministry/o/office-dghs/2026/6/983bdf70-5e90-4946-8298-d653ec84731c.pdf,data/pdf/dghs/2026-07-25_6a64d931bee69f3a36f60c02_1.pdf,eec6c78998ce37193130e4f6aea26921,2,8745
2026-07-26,6a65e38665417349db5290e8,https://dghs.gov.bd/pages/press-releases/হাম-প্রেস-রিলিজ-২৬০৭২০২৬-c4dix1-6a65e38665417349db5290e8,1,https://objectstorage.ap-dcc-gazipur-1.oraclecloud15.com/n/axvjbnqprylg/b/V2Ministry/o/office-dghs/2026/6/9a84a900-fd1f-4066-aaf1-12dba0b40608.pdf,data/pdf/dghs/2026-07-26_6a65e38665417349db5290e8_1.pdf,be935c2658340b9e25ea5ccdaa8e9ce2,3,13985
2026-07-26,6a673f95f7bbaab5c918bd79,https://dghs.gov.bd/pages/press-releases/হাম-প্রেস-রিলিজ-২৬০৭২০২৬-gwdhq7-6a673f95f7bbaab5c918bd79,1,https://objectstorage.ap-dcc-gazipur-1.oraclecloud15.com/n/axvjbnqprylg/b/V2Ministry/o/office-dghs/2026/6/6b293e7d-cc8c-47ee-9356-bc8ecbae0dbc.pdf,data/pdf/dghs/2026-07-26_6a673f95f7bbaab5c918bd79_1.pdf,434432e946473156308a65d1dafad06b,3,13996
2026-07-28,6a6af3d38f7e8a76d792e77b,https://dghs.gov.bd/pages/press-releases/হাম-প্রেস-রিলিজ-২৮০৭২০২৬-e8m805-6a6af3d38f7e8a76d792e77b,1,https://objectstorage.ap-dcc-gazipur-1.oraclecloud15.com/n/axvjbnqprylg/b/V2Ministry/o/office-dghs/2026/6/49289883-8a25-4506-a8ef-04519fa10a43.pdf,data/pdf/dghs/2026-07-28_6a6af3d38f7e8a76d792e77b_1.pdf,c15834fb5142028754141858f9caba86,4,13997
2026-07-30,6a6b38c7555ee404c4969258,https://dghs.gov.bd/pages/press-releases/হাম-প্রেস-রিলিজ-৩০০৭২০২৬-avdlgj-6a6b38c7555ee404c4969258,1,https://objectstorage.ap-dcc-gazipur-1.oraclecloud15.com/n/axvjbnqprylg/b/V2Ministry/o/office-dghs/2026/6/fbcb8973-1b01-407b-8642-67a7f962742b.pdf,data/pdf/dghs/2026-07-30_6a6b38c7555ee404c4969258_1.pdf,305896343b0a640fe348f041085c06b5,3,13975
2026-07-31,6a6cd4a5de9e97d4fd9f7edd,https://dghs.gov.bd/pages/press-releases/হাম-প্রেস-রিলিজ-৩১০৭২০২৬-240gd1-6a6cd4a5de9e97d4fd9f7edd,1,https://objectstorage.ap-dcc-gazipur-1.oraclecloud15.com/n/axvjbnqprylg/b/V2Ministry/o/office-dghs/2026/6/5b6f00d4-0b35-4c4e-b465-d70b4e17e303.pdf,data/pdf/dghs/2026-07-31_6a6cd4a5de9e97d4fd9f7edd_1.pdf,ad84e4cad138a396fd5a1aa8fc8a790c,3,13427
2026-08-01,6a6dd318c202d618dd5a46eb,https://dghs.gov.bd/pages/press-releases/হাম-প্রেস-রিলিজ-০১০৮২০২৬-zfhdhc-6a6dd318c202d618dd5a46eb,1,https://objectstorage.ap-dcc-gazipur-1.oraclecloud15.com/n/axvjbnqprylg/b/V2Ministry/o/office-dghs/2026/7/48f89ce4-3b7d-42d2-aa51-28875750a198.pdf,data/pdf/dghs/2026-08-01_6a6dd318c202d618dd5a46eb_1.pdf,f0ba575cc7ee8152a079f5121dafbd3c,2,8816
2026-08-02,6a6f368ab931c12b073c48b9,https://dghs.gov.bd/pages/press-releases/হাম-প্রেস-রিলিজ-০২০৮২০২৬-siwum2-6a6f368ab931c12b073c48b9,1,https://objectstorage.ap-dcc-gazipur-1.oraclecloud15.com/n/axvjbnqprylg/b/V2Ministry/o/office-dghs/2026/7/99f8dc5a-a7b7-4587-abc9-dad0017a8966.pdf,data/pdf/dghs/2026-08-02_6a6f368ab931c12b073c48b9_1.pdf,f3834895323b5786994b3c4887a562df,3,13909
2026-08-03,6a70781cc202d618dd5b3157,https://dghs.gov.bd/pages/press-releases/হাম-প্রেস-রিলিজ-০৩০৮২০২৬-9vft1t-6a70781cc202d618dd5b3157,1,https://objectstorage.ap-dcc-gazipur-1.oraclecloud15.com/n/axvjbnqprylg/b/V2Ministry/o/office-dghs/2026/7/e462597d-8b51-4e02-80f4-302cc4253f50.pdf,data/pdf/dghs/2026-08-03_6a70781cc202d618dd5b3157_1.pdf,b261bb6bb6a404fdbed7889c4a977bbd,3,13899
2026-08-04,6a7318eb713d7448c4b9f0ae,https://dghs.gov.bd/pages/press-releases/হাম-প্রেস-রিলিজ-০৪০৮২০২৬-n4mb0e-6a7318eb713d7448c4b9f0ae,1,https://objectstorage.ap-dcc-gazipur-1.oraclecloud15.com/n/axvjbnqprylg/b/V2Ministry/o/office-dghs/2026/7/366499cd-4361-4d49-a30b-24abcb0f3ff9.pdf,data/pdf/dghs/2026-08-04_6a7318eb713d7448c4b9f0ae_1.pdf,214572b9a41ca0437519c68ffba1f7d6,3,13976
2026-08-05,6a73194af78d9dd911026ec5,https://dghs.gov.bd/pages/press-releases/হাম-প্রেস-রিলিজ-০৫০৮২০২৬-2g55pt-6a73194af78d9dd911026ec5,1,https://objectstorage.ap-dcc-gazipur-1.oraclecloud15.com/n/axvjbnqprylg/b/V2Ministry/o/office-dghs/2026/7/58cce76d-2c3c-4ccb-bcaa-30a818b7ff70.pdf,data/pdf/dghs/2026-08-05_6a73194af78d9dd911026ec5_1.pdf,3354ed16ed404045a3c3ec851c74531f,3,13366
2026-08-06,6a75cb9c112d0b7ffdd5377f,https://dghs.gov.bd/pages/press-releases/হাম-প্রেস-রিলিজ-০৬০৮২০২৬-74rry1-6a75cb9c112d0b7ffdd5377f,1,https://objectstorage.ap-dcc-gazipur-1.oraclecloud15.com/n/axvjbnqprylg/b/V2Ministry/o/office-dghs/2026/7/938602e3-a22d-48d8-a303-d80f409d7ce1.pdf,data/pdf/dghs/2026-08-06_6a75cb9c112d0b7ffdd5377f_1.pdf,c7f98e6fd8a33770aea4b8bbb699cbf9,2,9405
2026-08-07,6a75cc24569bb2eb6175c05c,https://dghs.gov.bd/pages/press-releases/হাম-প্রেস-রিলিজ-০৭০৮২০২৬-rhexy9-6a75cc24569bb2eb6175c05c,1,https://objectstorage.ap-dcc-gazipur-1.oraclecloud15.com/n/axvjbnqprylg/b/V2Ministry/o/office-dghs/2026/7/a2e64223-bbd0-4ed0-ad2e-7928db8da606.pdf,data/pdf/dghs/2026-08-07_6a75cc24569bb2eb6175c05c_1.pdf,52e3fc33105762c4408ea40ad77ac322,3,13367
2026-08-08,6a7716427e6fe078ec14e365,https://dghs.gov.bd/pages/press-releases/হাম-প্রেস-রিলিজ-০৮০৮২০২৬-dytet2-6a7716427e6fe078ec14e365,1,https://objectstorage.ap-dcc-gazipur-1.oraclecloud15.com/n/axvjbnqprylg/b/V2Ministry/o/office-dghs/2026/7/714b8362-115a-4d3c-9d40-a845bb63f038.pdf,data/pdf/dghs/2026-08-08_6a7716427e6fe078ec14e365_1.pdf,7961aaa1f4d832b0658666a07181595f,2,8723
2026-08-09,6a78653c97bfb19c478d0e46,https://dghs.gov.bd/pages/press-releases/হাম-প্রেস-রিলিজ-০৯০৮২০২৬-nvoo8m-6a78653c97bfb19c478d0e46,1,https://objectstorage.ap-dcc-gazipur-1.oraclecloud15.com/n/axvjbnqprylg/b/V2Ministry/o/office-dghs/2026/7/9feab9d1-1645-45d2-9525-cdc4e73bd690.pdf,data/pdf/dghs/2026-08-09_6a78653c97bfb19c478d0e46_1.pdf,6bbabcfac2607123d1b36fda50cfbf32,3,13974
2026-08-10,6a79abb76ab58a374344ebc5,https://dghs.gov.bd/pages/press-releases/হাম-প্রেস-রিলিজ-১০০৮২০২৬-j2ocsn-6a79abb76ab58a374344ebc5,1,https://objectstorage.ap-dcc-gazipur-1.oraclecloud15.com/n/axvjbnqprylg/b/V2Ministry/o/office-dghs/2026/7/0d7f903b-49e8-492c-81ac-28bc0ce51364.pdf,data/pdf/dghs/2026-08-10_6a79abb76ab58a374344ebc5_1.pdf,3551a37129d7087fd593ea6eeead249e,3,13959
2026-08-11,6a7aff0eb4d5d9e66801f3c3,https://dghs.gov.bd/pages/press-releases/হাম-প্রেস-রিলিজ-১১০৮২০২৬-tsjj2l-6a7aff0eb4d5d9e66801f3c3,1,https://objectstorage.ap-dcc-gazipur-1.oraclecloud15.com/n/axvjbnqprylg/b/V2Ministry/o/office-dghs/2026/7/27220cb8-67ee-46b4-9257-5c4c0cb78032.pdf,data/pdf/dghs/2026-08-11_6a7aff0eb4d5d9e66801f3c3_1.pdf,57f86b297dd0296894c06ffb38d19786,3,13987
2026-08-12,6a7c459ecceadf7643816f0b,https://dghs.gov.bd/pages/press-releases/হাম-প্রেস-রিলিজ-১২০৮২০২৬-l82xdq-6a7c459ecceadf7643816f0b,1,https://objectstorage.ap-dcc-gazipur-1.oraclecloud15.com/n/axvjbnqprylg/b/V2Ministry/o/office-dghs/2026/7/ab0bb6fb-14c2-41c0-8fa9-6d14d840b985.pdf,data/pdf/dghs/2026-08-12_6a7c459ecceadf7643816f0b_1.pdf,a99c7ddde257869da8bd30bbe9aae9aa,3,14039
2026-08-13,6a7dbb08559968a3ea80fd45,https://dghs.gov.bd/pages/press-releases/হাম-প্রেস-রিলিজ-১৩০৮২০২৬-jloelf-6a7dbb08559968a3ea80fd45,1,https://objectstorage.ap-dcc-gazipur-1.oraclecloud15.com/n/axvjbnqprylg/b/V2Ministry/o/office-dghs/2026/7/7918e580-18c5-4522-b0bf-7e430ca3384e.pdf,data/pdf/dghs/2026-08-13_6a7dbb08559968a3ea80fd45_1.pdf,ddfe7fe476d285b8d0c40f802e0e4448,3,13964
2026-08-13,6a807d650b006891278baa5e,https://dghs.gov.bd/pages/press-releases/হাম-প্রেস-রিলিজ-১৩০৮২০২৬-9ckay0-6a807d650b006891278baa5e,1,https://objectstorage.ap-dcc-gazipur-1.oraclecloud15.com/n/axvjbnqprylg/b/V2Ministry/o/office-dghs/2026/7/ac58feaf-2b60-4b2a-9f36-2bd1892ce644.pdf,data/pdf/dghs/2026-08-13_6a807d650b006891278baa5e_1.pdf,7a011765d94f15ad14b6fa4aa9f783a6,3,13459
2026-08-15,6a807dd31d3a4b23c601f243,https://dghs.gov.bd/pages/press-releases/হাম-প্রেস-রিলিজ-১৫০৮২০২৬-q9tbb9-6a807dd31d3a4b23c601f243,1,https://objectstorage.ap-dcc-gazipur-1.oraclecloud15.com/n/axvjbnqprylg/b/V2Ministry/o/office-dghs/2026/7/c6ac9150-c3cf-4412-8e28-ac0a1443f100.pdf,data/pdf/dghs/2026-08-15_6a807dd31d3a4b23c601f243_1.pdf,1ea8cb1fec37eaad19bb5f192faeed0a,2,8733
2026-08-16,6a8298f1c640346be3a9debf,https://dghs.gov.bd/pages/press-releases/হাম-প্রেস-রিলিজ-১৬০৮২০২৬-scy5g9-6a8298f1c640346be3a9debf,1,https://objectstorage.ap-dcc-gazipur-1.oraclecloud15.com/n/axvjbnqprylg/b/V2Ministry/o/office-dghs/2026/7/053a7d9b-8503-4460-a72c-4023269e9d1b.pdf,data/pdf/dghs/2026-08-16_6a8298f1c640346be3a9debf_1.pdf,c25c10eebab555796e542231d1764019,3,13970
2026-08-17,6a82f80dcb81efaf5dcc8664,https://dghs.gov.bd/pages/press-releases/হাম-প্রেস-রিলিজ-১৭০৮২০২৬-hfouvb-6a82f80dcb81efaf5dcc8664,1,https://objectstorage.ap-dcc-gazipur-1.oraclecloud15.com/n/axvjbnqprylg/b/V2Ministry/o/office-dghs/2026/7/9fbd5050-7806-4860-b75a-5accbe4b0102.pdf,data/pdf/dghs/2026-08-17_6a82f80dcb81efaf5dcc8664_1.pdf,0e6bb9b3c0e14784f8e24433f2b55d07,3,13974
2026-08-18,6a8487aff3e3dd14e33aa9f2,https://dghs.gov.bd/pages/press-releases/হাম-প্রেস-রিলিজ-১৮০৮২০২৬-lrlbs7-6a8487aff3e3dd14e33aa9f2,1,https://objectstorage.ap-dcc-gazipur-1.oraclecloud15.com/n/axvjbnqprylg/b/V2Ministry/o/office-dghs/2026/7/1898e715-941a-4008-b4bd-4806c074e433.pdf,data/pdf/dghs/2026-08-18_6a8487aff3e3dd14e33aa9f2_1.pdf,934fa3f1a98f2ac7b927a8bae369d54b,3,14030
2026-08-20,6a86de0f1c79f3cb24ddae58,https://dghs.gov.bd/pages/press-releases/হাম-প্রেস-রিলিজ-২০০৮২০২৬-h80k2c-6a86de0f1c79f3cb24ddae58,1,https://objectstorage.ap-dcc-gazipur-1.oraclecloud15.com/n/axvjbnqprylg/b/V2Ministry/o/office-dghs/2026/7/ad6ded01-df42-423e-965e-a4482cb24a77.pdf,data/pdf/dghs/2026-08-20_6a86de0f1c79f3cb24ddae58_1.pdf,c8c482612a38161e160614e31447706f,3,13983
2026-08-21,6a882c6048bf12c676242c64,https://dghs.gov.bd/pages/press-releases/হাম-প্রেস-রিলিজ-২১০৮২০২৬-8emoan-6a882c6048bf12c676242c64,1,https://objectstorage.ap-dcc-gazipur-1.oraclecloud15.com/n/axvjbnqprylg/b/V2Ministry/o/office-dghs/2026/7/ec7b1bfb-5752-474d-a6ce-5e8750b7328b.pdf,data/pdf/dghs/2026-08-21_6a882c6048bf12c676242c64_1.pdf,7019be2880e5583aab95befde83145a8,3,13575
2026-08-22,6a8a2d61269329f9191953cb,https://dghs.gov.bd/pages/press-releases/হাম-প্রেস-রিলিজ-২২০৮২০২৬-svzdo3-6a8a2d61269329f9191953cb,1,https://objectstorage.ap-dcc-gazipur-1.oraclecloud15.com/n/axvjbnqprylg/b/V2Ministry/o/office-dghs/2026/7/b0c76b99-84a3-4b21-b751-e172ae383003.pdf,data/pdf/dghs/2026-08-22_6a8a2d61269329f9191953cb_1.pdf,dfa7a6d9143f4df87e1b58d81f737ea0,2,8716
2026-08-23,6a8b02a2180aff5b553787e1,https://dghs.gov.bd/pages/press-releases/হাম-প্রেস-রিলিজ-২৩০৮২০২৬-ubbc5q-6a8b02a2180aff5b553787e1,1,https://objectstorage.ap-dcc-gazipur-1.oraclecloud15.com/n/axvjbnqprylg/b/V2Ministry/o/office-dghs/2026/7/79b561dc-29a9-4cd3-8a82-e0e98becae76.pdf,data/pdf/dghs/2026-08-23_6a8b02a2180aff5b553787e1_1.pdf,42fe96dbc5e3a5f003728ba4b0470356,3,13961
2026-08-24,6a8d3ca39ab15f9160826f56,https://dghs.gov.bd/pages/press-releases/হাম-প্রেস-রিলিজ-২৪০৮২০২৬-xel8y5-6a8d3ca39ab15f9160826f56,1,https://objectstorage.ap-dcc-gazipur-1.oraclecloud15.com/n/axvjbnqprylg/b/V2Ministry/o/office-dghs/2026/7/182dc3e2-19eb-4f76-945a-051b9a265ba2.pdf,data/pdf/dghs/2026-08-24_6a8d3ca39ab15f9160826f56_1.pdf,1139c91044613b66c51ae2bf647d45f2,3,13970
2026-08-25,6a8d68fa180aff5b553883ed,https://dghs.gov.bd/pages/press-releases/হাম-প্রেস-রিলিজ-২৫০৮২০২৬-2fac7x-6a8d68fa180aff5b553883ed,1,https://objectstorage.ap-dcc-gazipur-1.oraclecloud15.com/n/axvjbnqprylg/b/V2Ministry/o/office-dghs/2026/7/7816670c-59bf-4529-b25f-fae7808cef63.pdf,data/pdf/dghs/2026-08-25_6a8d68fa180aff5b553883ed_1.pdf,3e2c5eada3145d8ceee651741f1aae3e,3,13983
2026-08-26,6a8f106a1c79f3cb24df9e3d,https://dghs.gov.bd/pages/press-releases/হাম-প্রেস-রিলিজ-২৬০৮২০২৬-wpoe21-6a8f106a1c79f3cb24df9e3d,1,https://objectstorage.ap-dcc-gazipur-1.oraclecloud15.com/n/axvjbnqprylg/b/V2Ministry/o/office-dghs/2026/7/175483cd-bcb4-405d-a4a8-a7b89f9549f1.pdf,data/pdf/dghs/2026-08-26_6a8f106a1c79f3cb24df9e3d_1.pdf,b22e41a294e04a79fc8dc8fde2deef9a,3,13964
2026-08-27,6a921dee1c79f3cb24e03cdf,https://dghs.gov.bd/pages/press-releases/হাম-প্রেস-রিলিজ-২৭০৮২০২৬-t7thzl-6a921dee1c79f3cb24e03cdf,1,https://objectstorage.ap-dcc-gazipur-1.oraclecloud15.com/n/axvjbnqprylg/b/V2Ministry/o/office-dghs/2026/7/5c2c9e17-1813-4354-8387-242b4398a90f.pdf,data/pdf/dghs/2026-08-27_6a921dee1c79f3cb24e03cdf_1.pdf,9bb77a97a4ad48461db286a31374f372,2,9385
2026-08-28,6a921e5cf35831ce4bfe42ab,https://dghs.gov.bd/pages/press-releases/হাম-প্রেস-রিলিজ-২৮০৮২০২৬-bmujdd-6a921e5cf35831ce4bfe42ab,1,https://objectstorage.ap-dcc-gazipur-1.oraclecloud15.com/n/axvjbnqprylg/b/V2Ministry/o/office-dghs/2026/7/6481826d-3452-461b-9b8c-ad1d2074c4a4.pdf,data/pdf/dghs/2026-08-28_6a921e5cf35831ce4bfe42ab_1.pdf,d76824d4f7fc59fd36de5c2b46a819db,3,13971
2026-08-29,6a92cd32df1fe8071fd869c6,https://dghs.gov.bd/pages/press-releases/হাম-প্রেস-রিলিজ-২৯০৮২০২৬-km651d-6a92cd32df1fe8071fd869c6,1,https://objectstorage.ap-dcc-gazipur-1.oraclecloud15.com/n/axvjbnqprylg/b/V2Ministry/o/office-dghs/2026/7/81272527-9cb4-4649-beb4-d081bf39f577.pdf,data/pdf/dghs/2026-08-29_6a92cd32df1fe8071fd869c6_1.pdf,a12b1f836002e5814ab7ffcd92dd4e9a,2,9387
2026-08-30,6a941bdf1963bd7a700be9ba,https://dghs.gov.bd/pages/press-releases/হাম-প্রেস-রিলিজ-৩০০৮২০২৬-1ejo04-6a941bdf1963bd7a700be9ba,1,https://objectstorage.ap-dcc-gazipur-1.oraclecloud15.com/n/axvjbnqprylg/b/V2Ministry/o/office-dghs/2026/7/bee1be2b-7faf-4aa1-83f7-29babbc7ab86.pdf,data/pdf/dghs/2026-08-30_6a941bdf1963bd7a700be9ba_1.pdf,d1d82dd7677fc08d5ba397e36697342f,3,13746
2026-08-31,6a95628b2adbdef9eaed282e,https://dghs.gov.bd/pages/press-releases/হাম-প্রেস-রিলিজ-৩১০৮২০২৬-ppds5g-6a95628b2adbdef9eaed282e,1,https://objectstorage.ap-dcc-gazipur-1.oraclecloud15.com/n/axvjbnqprylg/b/V2Ministry/o/office-dghs/2026/7/18a43906-2e0c-4104-b0b9-8f14bd6e16ce.pdf,data/pdf/dghs/2026-08-31_6a95628b2adbdef9eaed282e_1.pdf,d6700a9eb7b2af5a7567f0c6e428523a,3,13971
2026-09-01,6a96a20b9ab15f9160851eb6,https://dghs.gov.bd/pages/press-releases/হাম-প্রেস-রিলিজ-১০৯২০২৬-0rd4mr-6a96a20b9ab15f9160851eb6,1,https://objectstorage.ap-dcc-gazipur-1.oraclecloud15.com/n/axvjbnqprylg/b/V2Ministry/o/office-dghs/2026/8/c29d2b3c-8d3e-4d4d-8589-29c4bed808ac.pdf,data/pdf/dghs/2026-09-01_6a96a20b9ab15f9160851eb6_1.pdf,1aacf20d3a26911ce8aa52ff8e5d9e76,3,14153
2026-09-02,6a994ef47a024513d1b7a68c,https://dghs.gov.bd/pages/press-releases/হাম-প্রেস-রিলিজ-২০৯২০২৬-k9oa7g-6a994ef47a024513d1b7a68c,1,https://objectstorage.ap-dcc-gazipur-1.oraclecloud15.com/n/axvjbnqprylg/b/V2Ministry/o/office-dghs/2026/8/8db52da8-24ee-4238-aebb-04d671ac068e.pdf,data/pdf/dghs/2026-09-02_6a994ef47a024513d1b7a68c_1.pdf,493e8650e02cbfc13b29d2c53db9e03e,3,14147
2026-09-03,6a994f561d40e02e58b9a695,https://dghs.gov.bd/pages/press-releases/হাম-প্রেস-রিলিজ-৩০৯২০২৬-4bvqiu-6a994f561d40e02e58b9a695,1,https://objectstorage.ap-dcc-gazipur-1.oraclecloud15.com/n/axvjbnqprylg/b/V2Ministry/o/office-dghs/2026/8/3f98e0ff-bd65-4f1c-a2e7-86f6fa044516.pdf,data/pdf/dghs/2026-09-03_6a994f561d40e02e58b9a695_1.pdf,26f26158ca74acb621ebf1815227c157,3,14137
2026-09-04,6a9aabd4c062425b0547d007,https://dghs.gov.bd/pages/press-releases/হাম-প্রেস-রিলিজ-৪০৯২০২৬-t3cq5d-6a9aabd4c062425b0547d007,1,https://objectstorage.ap-dcc-gazipur-1.oraclecloud15.com/n/axvjbnqprylg/b/V2Ministry/o/office-dghs/2026/8/c3025b00-7676-469c-85a0-21a1d52ecfbf.pdf,data/pdf/dghs/2026-09-04_6a9aabd4c062425b0547d007_1.pdf,3298fb17b4111fbd4ebe3b1baaefed07,3,13529
2026-09-05,6a9d3c058f6409601821618d,https://dghs.gov.bd/pages/press-releases/হাম-প্রেস-রিলিজ-৫০৯২০২৬-xm39a1-6a9d3c058f6409601821618d,1,https://objectstorage.ap-dcc-gazipur-1.oraclecloud15.com/n/axvjbnqprylg/b/V2Ministry/o/office-dghs/2026/8/a8b0f2e5-f567-4311-97f3-fc910bfe4cdb.pdf,data/pdf/dghs/2026-09-05_6a9d3c058f6409601821618d_1.pdf,6e3f0393c446a12a83cdc7cd1e66d0bd,2,9749
2026-09-06,6a9d3cab3b0dbbf9ec595870,https://dghs.gov.bd/pages/press-releases/হাম-প্রেস-রিলিজ-৬০৯২০২৬-j1ftwd-6a9d3cab3b0dbbf9ec595870,1,https://objectstorage.ap-dcc-gazipur-1.oraclecloud15.com/n/axvjbnqprylg/b/V2Ministry/o/office-dghs/2026/8/9552b8be-210c-4e0e-9368-cf23f57b7b2c.pdf,data/pdf/dghs/2026-09-06_6a9d3cab3b0dbbf9ec595870_1.pdf,8bcbb2bbf24b4ba81ecebf7e2c2b8cf4,3,14221
2026-09-08,6a9fe58b00ebabb2f1f20725,https://dghs.gov.bd/pages/press-releases/হাম-প্রেস-রিলিজ-৮০৯২০২৬-a7azlr-6a9fe58b00ebabb2f1f20725,1,https://objectstorage.ap-dcc-gazipur-1.oraclecloud15.com/n/axvjbnqprylg/b/V2Ministry/o/office-dghs/2026/8/1931fb4c-cc0f-4009-9fa1-842fea4012cb.pdf,data/pdf/dghs/2026-09-08_6a9fe58b00ebabb2f1f20725_1.pdf,4f47d8215218eb60bcb3abd3becd3cb6,3,13582
2026-09-09,6aa13c253d0352ff50ac6e35,https://dghs.gov.bd/pages/press-releases/হাম-প্রেস-রিলিজ-৯০৯২০২৬-pobtov-6aa13c253d0352ff50ac6e35,1,https://objectstorage.ap-dcc-gazipur-1.oraclecloud15.com/n/axvjbnqprylg/b/V2Ministry/o/office-dghs/2026/8/1fd781a4-78f3-42cf-9499-89e4c855a9a9.pdf,data/pdf/dghs/2026-09-09_6aa13c253d0352ff50ac6e35_1.pdf,b31e0919360fe88a723b29ccec564a9a,3,14181
2026-09-10,6aa2975fe3b2ed13f1270aec,https://dghs.gov.bd/pages/press-releases/হাম-প্রেস-রিলিজ-১০০৯২০২৬-jygyle-6aa2975fe3b2ed13f1270aec,1,https://objectstorage.ap-dcc-gazipur-1.oraclecloud15.com/n/axvjbnqprylg/b/V2Ministry/o/office-dghs/2026/8/65d8a3aa-e411-460e-b737-0e0ebade64cb.pdf,data/pdf/dghs/2026-09-10_6aa2975fe3b2ed13f1270aec_1.pdf,4923e3bcf41b921c6aad639fef1acfe2,3,14142
2026-09-11,6aa3d9b448b9a08d31e124fb,https://dghs.gov.bd/pages/press-releases/হাম-প্রেস-রিলিজ-১১০৯২০২৬-8xl463-6aa3d9b448b9a08d31e124fb,1,https://objectstorage.ap-dcc-gazipur-1.oraclecloud15.com/n/axvjbnqprylg/b/V2Ministry/o/office-dghs/2026/8/a80ea6fc-e76f-40f0-8da6-381e932d75ae.pdf,data/pdf/dghs/2026-09-11_6aa3d9b448b9a08d31e124fb_1.pdf,563f6a0aa26d7594b714ac029a305473,3,13608
2026-09-14,6aa7cf01934f57d35d0b2533,https://dghs.gov.bd/pages/press-releases/হাম-প্রেস-রিলিজ-১৪০৯২০২৬-x0w6ja-6aa7cf01934f57d35d0b2533,1,https://objectstorage.ap-dcc-gazipur-1.oraclecloud15.com/n/axvjbnqprylg/b/V2Ministry/o/office-dghs/2026/8/d477682c-c84a-4bda-8022-4676d73265e1.pdf,data/pdf/dghs/2026-09-14_6aa7cf01934f57d35d0b2533_1.pdf,9258e42f7c4a35ddf1e3d56f7cf40b45,3,14141
2026-09-19,6aae64788a3ca1dcdabbd8b9,https://dghs.gov.bd/pages/press-releases/হাম-প্রেস-রিলিজ-১৯০৯২০২৬-ttri5x-6aae64788a3ca1dcdabbd8b9,1,https://objectstorage.ap-dcc-gazipur-1.oraclecloud15.com/n/axvjbnqprylg/b/V2Ministry/o/office-dghs/2026/8/474892b7-8c2f-4cdc-b8ef-ac501cd50f26.pdf,data/pdf/dghs/2026-09-19_6aae64788a3ca1dcdabbd8b9_1.pdf,c3201a64087c87356e0c29c3632b021f,2,8824
2026-09-20,6aafab6d15ed821827eaff97,https://dghs.gov.bd/pages/press-releases/হাম-প্রেস-রিলিজ-২০০৯২০২৬-mlf0nd-6aafab6d15ed821827eaff97,1,https://objectstorage.ap-dcc-gazipur-1.oraclecloud15.com/n/axvjbnqprylg/b/V2Ministry/o/office-dghs/2026/8/71041073-392f-4f46-a681-a351bee89c21.pdf,data/pdf/dghs/2026-09-20_6aafab6d15ed821827eaff97_1.pdf,724d6ab072a11d6213b48c2e2c08f979,3,14130
2026-09-21,6ab10082199bfd10b5225858,https://dghs.gov.bd/pages/press-releases/হাম-প্রেস-রিলিজ-২১০৯২০২৬-zrtqrq-6ab10082199bfd10b5225858,1,https://objectstorage.ap-dcc-gazipur-1.oraclecloud15.com/n/axvjbnqprylg/b/V2Ministry/o/office-dghs/2026/8/ee77a62f-7c19-4cf8-824a-cafc1bed9d04.pdf,data/pdf/dghs/2026-09-21_6ab10082199bfd10b5225858_1.pdf,2173300c1142150fd0657ad3479ec459,3,14126
2026-09-22,6ab25005d5bc96e15b51439c,https://dghs.gov.bd/pages/press-releases/হাম-প্রেস-রিলিজ-২২০৯২০২৬-rrz83m-6ab25005d5bc96e15b51439c,1,https://objectstorage.ap-dcc-gazipur-1.oraclecloud15.com/n/axvjbnqprylg/b/V2Ministry/o/office-dghs/2026/8/cb352f36-4571-460b-8b47-756e88ebc205.pdf,data/pdf/dghs/2026-09-22_6ab25005d5bc96e15b51439c_1.pdf,5a3ed3349ea7cf0fe49ad3a8b445d098,3,14119
2026-09-23,6ab3a79498e3eb11ce7d1ca9,https://dghs.gov.bd/pages/press-releases/হাম-প্রেস-রিলিজ-২৩০৯২০২৬-3ql8y9-6ab3a79498e3eb11ce7d1ca9,1,https://objectstorage.ap-dcc-gazipur-1.oraclecloud15.com/n/axvjbnqprylg/b/V2Ministry/o/office-dghs/2026/8/c7c2ab8c-807f-4931-ab70-730407073949.pdf,data/pdf/dghs/2026-09-23_6ab3a79498e3eb11ce7d1ca9_1.pdf,70e54b05e0140c280a92fd5cfa1fb55e,3,14252
2026-09-24,6ab5077b1e1274c8492d890b,https://dghs.gov.bd/pages/press-releases/হাম-প্রেস-রিলিজ-২৪০৯২০২৬-99sev9-6ab5077b1e1274c8492d890b,1,https://objectstorage.ap-dcc-gazipur-1.oraclecloud15.com/n/axvjbnqprylg/b/V2Ministry/o/office-dghs/2026/8/8a1d7be4-3252-4094-8673-b319453f219c.pdf,data/pdf/dghs/2026-09-24_6ab5077b1e1274c8492d890b_1.pdf,181d3045e4e1f3ae80f689f035cf0e79,3,14127
2026-09-26,6ab6592af6cba3526b54a43d,https://dghs.gov.bd/pages/press-releases/হাম-প্রেস-রিলিজ-২৬০৯২০২৬-g3qjx2-6ab6592af6cba3526b54a43d,1,https://objectstorage.ap-dcc-gazipur-1.oraclecloud15.com/n/axvjbnqprylg/b/V2Ministry/o/office-dghs/2026/8/4faf49c5-a27b-4a7c-9484-9cbae6cffb25.pdf,data/pdf/dghs/2026-09-26_6ab6592af6cba3526b54a43d_1.pdf,95ab24d81daa9c5342dadcfd16c5cf86,3,14156
2026-09-26,6ab7f3c50eb779fd9ca9eb3b,https://dghs.gov.bd/pages/press-releases/হাম-প্রেস-রিলিজ-২৬০৯২০২৬-crbh2r-6ab7f3c50eb779fd9ca9eb3b,1,https://objectstorage.ap-dcc-gazipur-1.oraclecloud15.com/n/axvjbnqprylg/b/V2Ministry/o/office-dghs/2026/8/640d59c2-e4c2-40cd-8bd4-8765e4db487f.pdf,data/pdf/dghs/2026-09-26_6ab7f3c50eb779fd9ca9eb3b_1.pdf,67a2215329b2d9e99553d2dba90b6373,2,9563
2026-09-27,6ab8dd391f34be7d3f75d10b,https://dghs.gov.bd/pages/press-releases/হাম-প্রেস-রিলিজ-২৭০৯২০২৬-v22ttw-6ab8dd391f34be7d3f75d10b,1,https://objectstorage.ap-dcc-gazipur-1.oraclecloud15.com/n/axvjbnqprylg/b/V2Ministry/o/office-dghs/2026/8/9447ea23-52f2-4c53-81b0-259948cd8ab3.pdf,data/pdf/dghs/2026-09-27_6ab8dd391f34be7d3f75d10b_1.pdf,8335c99de73316eb6de43e03b4e1ef2c,3,14124
2026-09-28,6aba46d1577669e4914db636,https://dghs.gov.bd/pages/press-releases/হাম-প্রেস-রিলিজ-২৮০৯২০২৬-f187k6-6aba46d1577669e4914db636,1,https://objectstorage.ap-dcc-gazipur-1.oraclecloud15.com/n/axvjbnqprylg/b/V2Ministry/o/office-dghs/2026/8/2ac05108-e909-479c-aacf-0c19d5895807.pdf,data/pdf/dghs/2026-09-28_6aba46d1577669e4914db636_1.pdf,a861a543a5f39627a3a2fa40b5cb28d2,3,14072
2026-09-29,6abb3d322db089916e3dd554,https://dghs.gov.bd/pages/press-releases/হাম-প্রেস-রিলিজ-২৯০৯২০২৬-p1ax0i-6abb3d322db089916e3dd554,1,https://objectstorage.ap-dcc-gazipur-1.oraclecloud15.com/n/axvjbnqprylg/b/V2Ministry/o/office-dghs/2026/8/11af9bb9-a08f-4c87-b535-1b87e3882f93.pdf,data/pdf/dghs/2026-09-29_6abb3d322db089916e3dd554_1.pdf,5068e1020ab92af71a41427cb25f7caa,3,14164
